gage,high_q_freq,high_q_dur,low_q_freq,low_q_dur,zero_q_freq,q95,q5,q_mean,hfd_mean,baseflow_index,slope_fdc,stream_elas,runoff_ratio,gage,minDate,maxDate,missing_rows,Q50_meanDOY,Q50_meanDate
06228350,24.318181818181817,13.244444444444444,79.63636363636364,27.808823529411764,0.0,16.180219520000016,0.32847487999999997,3.3552028478644305,256.7647058823529,0.30144148790697634,,,1.7888667327743835,06228350,2000-10-01,2023-12-31,2827,165.0,6-13
06614800,51.81818181818182,27.295454545454547,175.0,54.44,0.0,0.44457376,0.0070792,0.0807178186792275,258.2608695652174,0.2524848768444447,3.1812775089744836,1.4879227091328606,0.02560565331919335,06614800,2000-10-01,2023-12-31,0,170.0,6-18
06620000,24.863636363636363,13.0,50.68181818181818,13.032608695652174,0.0,45.873216,1.67352288,11.195998220442771,232.52173913043478,0.39326924765820254,2.529689987529568,2.068818720973369,6.676363900641776,06620000,2000-10-01,2023-12-31,0,154.0,6-2
06622700,41.36363636363637,23.85,93.95454545454545,11.381188118811881,0.0,7.6738528,0.210676992,1.3834581452962789,241.34782608695653,0.268411838411733,1.334681256938648,2.2450640196123297,0.5727459957116902,06622700,2000-10-01,2023-12-31,0,154.0,6-2
06623800,44.95454545454545,26.82051282051282,103.27272727272727,16.25974025974026,0.0,16.719654559999995,0.45023712,3.2210101240734805,243.95652173913044,0.2849421523027409,1.978057916971665,1.8646651384978437,1.117979027194202,06623800,2000-10-01,2023-12-31,0,157.0,6-5
06625000,30.681818181818183,16.906976744186046,47.86363636363637,12.280898876404494,0.0,34.546496,0.819912944,7.253801482166746,233.82608695652175,0.34258697870221044,1.2629662620811049,2.0189793215291054,3.198059996327714,06625000,2000-10-01,2023-12-31,0,151.0,5-30
06630000,20.136363636363637,18.923076923076923,39.0,11.64864864864865,0.0,131.389952,4.813856,31.39742842098916,230.7826086956522,0.3964166142245315,1.7537479665540021,1.9255354222295025,21.582707175306297,06630000,2000-10-01,2023-12-31,0,151.0,5-30
06632400,52.95454545454545,32.13157894736842,204.13636363636363,34.98540145985402,0.0,12.600976,0.220587872,2.1355899667564766,245.69565217391303,0.2195904547929176,2.030780747443652,1.8109829265693578,0.8837684765218774,06632400,2000-10-01,2023-12-31,0,157.0,6-5
06634620,58.45454545454545,28.604166666666668,205.54545454545453,35.778625954198475,0.0,5.6916768,0.014724736,1.048390639419689,214.7391304347826,0.2073384329807607,3.867555742984437,2.4005445612231022,1.1107428623951052,06634620,2000-10-01,2023-12-31,0,127.0,5-6
06635000,41.5,15.838709677419354,139.04545454545453,20.46875,0.0,19.1421568,0.200482944,4.159373322860104,224.69565217391303,0.29457312022141197,3.1415445535570696,1.6742777631538917,4.069338926475826,06635000,2000-10-01,2023-12-31,0,141.0,5-20
06646000,24.772727272727273,25.625,95.72727272727273,25.32967032967033,0.0,8.955188,0.09648949600000001,1.5463598225112785,216.41666666666666,0.2170820844858567,,,1.0424517768849002,06646000,2000-10-01,2023-12-31,4236,129.0,5-8
06647500,72.8,34.294117647058826,254.66666666666666,102.33333333333333,0.005037345839847143,5.838924159999994,0.003114848,0.9404870047760987,220.2,0.1342561787723743,3.1178146456764804,2.504646713502888,0.6271823961888221,06647500,2000-10-01,2016-07-05,0,130.0,5-9
06661585,22.866666666666667,22.77777777777778,101.46666666666667,22.785714285714285,0.014603616133518776,28.238928799999844,0.10477216,5.858222291767048,234.26666666666668,0.2383823548212916,9.425439925962232,2.8196444602184076,4.813175382629405,06661585,2000-10-01,2016-06-30,1734,,
06670500,16.636363636363637,26.142857142857142,53.90909090909091,14.325301204819278,0.0,9.3020688,0.5521776,3.2957417612738196,214.1304347826087,0.44110221574426645,0.7861923832534098,1.7513242197593688,2.944211621639934,06670500,2000-10-01,2023-12-31,1,160.0,6-8
06693800,24.333333333333332,8.666666666666666,0.0,,0.0,1.6706912,0.088914752,0.39767648438356157,246.33333333333334,0.4179640937231185,2.2597156137192727,1.8688612126095856,0.20802884308955133,06693800,2000-10-01,2004-09-29,0,,
06701970,0.0,,0.0,,0.0,0.053801919999999996,0.010477216,0.023252907981279252,236.5,0.49304731975592364,,1.296842847753974,0.019563337526880213,06701970,2000-10-01,2003-09-29,453,,
06706400,0.0,,6.0,4.857142857142857,0.0,19.564077119999997,1.6706912,8.04385305461984,265.42857142857144,0.37276455949601345,,0.3528618993604164,4.972236553114034,06706400,2000-10-01,2008-09-29,1298,,
06706600,0.0,,0.0,,0.0,0.010463057599999995,0.0050970239999999995,0.007173342240837696,253.0,0.5314126031862461,,0.8642465875388451,0.005046729598246908,06706600,2000-10-01,2002-09-29,347,,
06706800,0.0,,21.5,8.6,0.0,0.5986171520000002,0.0283168,0.17902210331502422,265.0,0.3849849171690875,,0.6390602057751585,0.11269656374562602,06706800,2000-10-01,2003-09-29,475,,
06708800,15.454545454545455,6.508771929824562,70.4090909090909,8.301587301587302,0.0,1.2132332959999994,0.025201952,0.3238792687668394,208.65217391304347,0.42336426502742847,2.1486745088127077,2.363582722064954,0.2457053527909081,06708800,2000-10-01,2023-12-31,0,148.0,5-27
06709000,11.681818181818182,9.827586206896552,33.54545454545455,5.606060606060606,0.0,2.8883136,0.135637472,0.8429689613980216,198.7826086956522,0.46663306056624576,1.6150861113182648,2.451030402072146,0.6272569764431248,06709000,2000-10-01,2023-12-31,0,140.0,5-19
06709530,17.545454545454547,8.571428571428571,91.18181818181819,14.801470588235293,0.051695713612812055,3.2564319999999998,0.0,0.8044378779690783,194.65217391304347,0.3582405739569615,2.308357977096251,2.8780010069722066,0.6027851945229448,06709530,2000-10-01,2023-12-31,19,127.0,5-6
06710247,21.863636363636363,8.796610169491526,105.45454545454545,9.007272727272728,0.0,16.464803359999994,0.3681184,4.079559060857277,240.6086956521739,0.35923396298370563,3.0022703195692406,2.293478170958539,3.082553189229793,06710247,2000-10-01,2023-12-31,0,167.0,6-15
06710385,5.5,8.466666666666667,12.954545454545455,8.382352941176471,0.0,2.6205782559999995,0.20104928,0.8774302602430523,238.30434782608697,0.52975358506054,1.8288939710311196,2.8585504910250026,0.5384875156199523,06710385,2000-10-01,2023-12-31,0,177.0,6-25
06710605,12.0,12.0,61.81818181818182,8.753086419753087,0.0,3.822768,0.029449472,1.020220367229478,238.14285714285714,0.30847946319208047,,,0.6644087751538149,06710605,2000-10-01,2023-12-31,3010,153.0,6-1
06710995,,10.0,,23.25,0.0,0.14172558399999993,0.000849504,0.03947645088,,0.15995212680329782,3.8816138491198515,,0.0433613762154318,06710995,2000-10-01,2001-04-18,0,,
06711565,16.636363636363637,7.462962962962963,57.22727272727273,6.804232804232805,0.0,21.26308511999999,0.75889024,5.656654266980687,236.43478260869566,0.40764936538754915,2.483680085659472,2.4454512783757782,4.238902640799519,06711565,2000-10-01,2023-12-31,0,168.0,6-16
06712000,5.636363636363637,3.3095238095238093,30.0,8.8,0.0,0.5392934559999996,0.035396,0.1942500135091851,191.17391304347825,0.4772627390033664,2.072771616294417,1.537159321491908,0.14753488033642104,06712000,2000-10-01,2023-12-31,0,132.0,5-11
06713000,2.4545454545454546,5.222222222222222,55.54545454545455,12.237623762376238,0.019783325482807347,1.9850076799999998,0.000849504,0.6758675627223835,203.14285714285714,0.42766305423268597,,,0.5333927121389078,06713000,2000-10-01,2023-12-31,3323,142.0,5-21
06713300,5.0,2.4444444444444446,97.0,17.866666666666667,0.0,2.470357631999999,0.051536576,0.7007300176380256,186.0,0.42113376893281984,2.5330715511777084,5.452190785233325,0.6214982569062911,06713300,2000-10-01,2003-09-29,0,,
06713500,2.8181818181818183,1.8823529411764706,10.045454545454545,6.138888888888889,0.0,3.0015808,0.26476208,1.1101112627988967,206.0,0.5389416653989295,1.6772839620127524,0.7994138522784033,0.8792928617097998,06713500,2000-10-01,2023-12-31,153,160.0,6-8
06714215,73.27272727272727,5.2006079027355625,197.8181818181818,14.341614906832298,0.0,20.13041311999999,0.12317807999999998,4.543113846662271,252.8695652173913,0.2247157484543796,6.952382598108528,2.6347875479201903,3.4375060209967057,06714215,2000-10-01,2023-12-31,0,177.0,6-25
06714800,12.454545454545455,12.333333333333334,48.31818181818182,15.625,0.0,1.6650278399999998,0.047289055999999996,0.42294188047289943,260.60869565217394,0.26224745634230234,9.227595449404829,1.4213681061175112,0.2268676723463631,06714800,2000-10-01,2023-12-31,2791,,
06715000,25.818181818181817,15.307692307692308,57.54545454545455,9.444444444444445,0.0,8.9481088,0.3398016,2.1249193866281155,258.39130434782606,0.3551727864845279,3.3534289891388056,1.313973134446677,1.2377331858717295,06715000,2000-10-01,2023-12-31,468,175.0,6-23
06716100,33.54545454545455,27.392857142857142,61.40909090909091,11.620967741935484,0.0,7.645536,0.26306307199999995,1.669897415939708,256.3478260869565,0.35081127761413017,2.547434255670369,1.1750480807069357,0.8877617146773261,06716100,2000-10-01,2023-12-31,0,172.0,6-20
06716500,32.04545454545455,24.06451612903226,52.45454545454545,9.117647058823529,0.0,16.521436959999996,0.61447456,3.6622688977861517,257.0,0.36018930333628185,2.7490483591479045,1.3532323067423655,2.065591855592705,06716500,2000-10-01,2023-12-31,0,173.0,6-21
06717400,2.25,3.6,13.125,11.0,0.0,1.40734496,0.087498912,0.4815374980662252,255.625,0.3632715785315521,5.4249370304743385,0.7511257682064638,0.29635382534765997,06717400,2000-10-01,2009-09-30,1022,,
06718300,10.25,19.666666666666668,30.5,8.133333333333333,0.0,15.511943039999998,0.79853376,4.15458503820274,251.25,0.42509117135177216,2.692905420766472,1.5705565187544235,2.593739373819929,06718300,2000-10-01,2005-09-29,0,,
06718550,34.09090909090909,27.517241379310345,63.18181818181818,9.29746835443038,0.0,1.6282159999999999,0.053801919999999996,0.3529156366637617,238.7391304347826,0.33857708253568103,2.425023316303231,1.9076174791465836,0.22895234272480916,06718550,2000-10-01,2023-12-31,1,155.0,6-3
06719505,21.954545454545453,14.911764705882353,28.636363636363637,4.905797101449275,0.0,20.9119568,0.9118009600000001,4.994019347242962,253.56521739130434,0.3932125242327231,2.5190833798453345,1.4394095387044719,3.074514007527613,06719505,2000-10-01,2023-12-31,1,172.0,6-20
06720460,3.090909090909091,2.45,53.27272727272727,11.44954128440367,0.06853509185115403,0.152061216,0.0,0.06805001876589732,198.2173913043478,0.5103809357136238,2.0006147479467042,0.7000350309409373,0.0574587361637321,06720460,2000-10-01,2023-12-31,0,157.0,6-5
06720820,45.81818181818182,4.830275229357798,142.8181818181818,7.7862232779097384,0.0,1.4029558559999995,0.028883136,0.36672456787564767,263.5652173913044,0.3084594896133352,4.074193874305186,0.9265216493333618,0.3197139554404617,06720820,2000-10-01,2023-12-31,0,186.0,7-4
06720990,1.8636363636363635,1.5862068965517242,7.2727272727272725,2.8333333333333335,0.00023551577955723034,2.5752713759999994,0.344190704,1.1133789958850682,209.65217391304347,0.6081944156957856,1.1880063127110725,0.756428543237909,1.0810462890519887,06720990,2000-10-01,2023-12-31,0,179.0,6-27
06725450,7.0,7.55,0.0,,0.0,9.190217440000005,0.941392016,3.087652483159049,241.57142857142858,0.5120759058647733,1.3109232418575312,2.394125082231417,1.963597852106413,06725450,2000-10-01,2015-09-29,7,181.0,6-29
06730200,16.045454545454547,7.959183673469388,87.5,10.275,0.0,8.564416159999995,0.15970675199999998,2.296490746046161,256.3478260869565,0.3594522351196138,3.0532432227013664,1.0770341150362777,1.3297235430189909,06730200,2000-10-01,2023-12-31,0,175.0,6-23
06730400,5.0,2.8125,61.5,7.486486486486487,0.0,0.23729478399999987,0.001982176,0.06835722068164383,207.5,0.42508351438403474,2.4037285925708898,0.480824649534551,0.051339469507085414,06730400,2000-10-01,2005-09-29,0,,
06730500,12.727272727272727,5.293103448275862,95.04545454545455,11.5,0.0,9.061376,0.09514444799999999,2.3192923724088557,213.3913043478261,0.3728248448588215,2.4073624764582737,2.570902968560228,1.515341640986756,06730500,2000-10-01,2023-12-31,0,155.0,6-3
06741510,14.136363636363637,5.868852459016393,136.8181818181818,12.814049586776859,0.0,4.5873216,0.0882209904,1.7246338703683466,265.60869565217394,0.32460354268986047,4.618679185827121,2.1177799162642152,1.0943417311221746,06741510,2000-10-01,2023-12-31,0,188.0,7-6
06746095,54.09090909090909,27.955555555555556,191.5909090909091,73.8,0.0,1.62963184,0.015007904,0.28323404785931555,256.7391304347826,0.229890831396799,4.200891267056709,1.5293360140438603,0.09080767093823729,06746095,2000-10-01,2023-10-16,0,169.0,6-17
06746110,74.31818181818181,22.11392405063291,207.95454545454547,75.515625,0.0,2.214090591999999,0.023219775999999998,0.46095562234573717,270.2608695652174,0.24481332454469812,3.9912434777368735,1.268360319096048,0.15312753975899862,06746110,2000-10-01,2023-12-31,0,188.0,7-6
06751150,11.5,14.444444444444445,136.13636363636363,53.114754098360656,0.019076778144135657,8.621049759999995,0.002265344,2.1824091546113986,245.6086956521739,0.33931145658643624,6.392155086467617,1.804313894042424,1.6222577183945144,06751150,2000-10-01,2023-12-31,0,161.0,6-9
06751490,51.86363636363637,23.58823529411765,201.9090909090909,39.773109243697476,0.0,8.7215744,0.079003872,1.676452695118229,232.0,0.24621704280411782,2.927519283430007,0.43750587375271,1.2895662289993073,06751490,2000-10-01,2023-12-31,0,153.0,6-1
06752260,35.68181818181818,9.344444444444445,161.27272727272728,11.88785046728972,0.0,24.082022559999995,0.08778208,4.844600902243994,251.30434782608697,0.24499015906948107,4.258340188219479,3.4026077382211195,3.3398001115744624,06752260,2000-10-01,2023-12-31,0,166.0,6-14
06752280,80.5909090909091,9.914438502673796,211.0,19.092664092664094,0.0,22.106925759999967,0.04813856,4.149857584263777,252.65217391304347,0.1985732769229817,7.733303463460106,2.9586813222886565,2.9190889595809515,06752280,2000-10-01,2023-12-31,0,164.0,6-12
06754000,0.3333333333333333,1.5,28.166666666666668,9.38888888888889,0.0,45.958166399999925,3.3413824,18.742130741604694,167.33333333333334,0.5685091477561312,1.2581798989565869,-1.881103579278787,14.948019246518369,06754000,2000-10-01,2007-09-29,0,174.0,6-22
06755960,34.411764705882355,14.292682926829269,147.8235294117647,12.623762376237623,0.0,1.0756136479999985,0.017273247999999998,0.2782491133028994,210.58823529411765,0.3950756964870705,2.599925643426486,2.560730163289428,0.24044964513281442,06755960,2000-10-01,2018-07-02,0,156.0,6-4
06823000,0.0,,54.18181818181818,9.164179104477611,0.0,1.88023552,0.0834071344,0.8787672720339142,135.0,0.541420572434862,2.8556453291787314,0.7124665759182436,0.7083723195569223,06823000,2000-10-01,2023-12-31,0,117.0,4-26
07079300,21.454545454545453,12.794871794871796,2.8181818181818183,5.166666666666667,0.0,4.7289056,0.25598387199999995,1.1221667072859163,249.56521739130434,0.4223260791419748,1.8672306890625816,1.589914798277294,0.6320914610421121,07079300,2000-10-01,2023-12-31,0,167.0,6-15
07081200,28.681818181818183,16.365853658536587,20.681818181818183,13.194444444444445,0.0,8.26567391999999,0.37661344,1.9446708785718319,246.30434782608697,0.37161952110893043,2.085024551924474,1.764826555018479,1.2023853039283277,07081200,2000-10-01,2023-12-31,0,162.0,6-10
07083000,33.95454545454545,16.125,112.54545454545455,48.2037037037037,0.0,3.398016,0.095427616,0.7519920381045689,256.1304347826087,0.3378826069892536,3.1914820977796827,1.1233843044093474,0.33857545797968797,07083000,2000-10-01,2023-12-31,0,171.0,6-19
07093700,0.0,,0.0,,0.0,45.67499839999992,6.1447456,14.870387422935421,230.5,0.6379316394843323,1.0100080652823231,1.331976345407794,11.675294080635346,07093700,2000-10-01,2007-09-29,0,168.0,6-16
07093740,9.5,2.75,47.5,12.23076923076923,0.0,0.0424752,0.00141584,0.015662591950078002,272.5,0.28224205303895883,,2.755202905863139,0.01958970266645567,07093740,2000-10-01,2003-09-29,453,,
07093775,0.0,,0.0,,0.0,0.27750464,0.0849504,0.15156467804056165,237.5,0.542746589882241,,0.7340076821734818,0.18764226665667133,07093775,2000-10-01,2003-09-29,453,,
07096000,3.411764705882353,5.2727272727272725,0.9411764705882353,2.8333333333333335,0.0,58.98389439999979,5.4368256,18.156339051106023,233.7058823529412,0.5660050970152791,1.3656683166845993,1.894864162817825,15.592749978273968,07096000,2000-10-01,2018-09-30,19,165.0,6-13
07096250,12.318181818181818,15.941176470588236,76.9090909090909,18.5,0.0003532736693358455,1.4699250879999983,0.019510275200000007,0.3947092843216936,237.43478260869566,0.44544500206014265,2.8720388607039764,1.3040403517890298,0.36638951712781115,07096250,2000-10-01,2023-12-31,273,179.0,6-27
07097000,0.6666666666666666,4.0,0.8333333333333334,2.5,0.0,52.38608,4.8421728,15.53805434363992,225.83333333333334,0.6020839732212686,1.219046832786254,0.6613407803658478,12.978299944062378,07097000,2000-10-01,2007-09-29,0,166.0,6-14
07099050,7.2727272727272725,14.0,45.77272727272727,14.068493150684931,0.0,2.1520768,0.06626131199999999,0.6875803124478064,237.15,0.31400916979909155,,,0.46524410238848896,07099050,2000-10-01,2023-12-31,3204,,
07099400,16.0,7.166666666666667,82.16666666666667,22.083333333333332,0.0,46.156384,0.4530688,11.472897417192955,243.83333333333334,0.37883502053371676,3.2819996166599625,1.101159071850524,9.699810591663663,07099400,2000-10-01,2007-09-29,0,163.0,6-11
07099970,24.59090909090909,12.319148936170214,127.0,18.048780487804876,0.0,60.159041599999945,1.03073152,13.483821931606217,250.04347826086956,0.34376343339553983,4.273332966978964,1.0453539639995246,11.582854017647406,07099970,2000-10-01,2023-12-31,0,166.0,6-14
07103700,2.772727272727273,8.0,4.7727272727272725,3.533333333333333,0.0,1.05904832,0.1210684784,0.44256300710692414,208.30434782608697,0.6393345427296584,1.486320982470021,1.0277774457203643,0.30504079359327096,07103700,2000-10-01,2023-12-31,0,177.0,6-25
07103780,10.818181818181818,8.090909090909092,6.090909090909091,4.962962962962963,0.0,1.0194048,0.07645536,0.30513209444309297,215.17391304347825,0.5002917010762036,1.9851582063515907,2.81080349595271,0.21582315430728055,07103780,2000-10-01,2023-12-31,435,151.0,5-30
07103785,10.5,6.75,86.5,34.375,0.19469835466179158,0.009344544,0.0,0.002501144775137111,180.0,0.40823517175229745,4.55776867703141,14.705778558581825,0.0018486573863598502,07103785,2000-10-01,2003-09-29,0,,
07103790,0.0,1.0,1.0,1.5,0.0,0.74190016,0.06399596799999999,0.24025429633926132,217.5,0.4268326104275988,,3.134145723811252,0.1871778449941505,07103790,2000-10-01,2003-09-29,363,,
07103797,0.0,,2.409090909090909,26.5,0.0,0.145548352,0.035679168,0.10629537175694771,188.8695652173913,0.8655078885827165,0.37282048401766194,0.307313635240284,0.0748119313059074,07103797,2000-10-01,2023-12-31,0,178.0,6-26
07103800,2.1818181818181817,13.0,87.81818181818181,21.644444444444446,0.0,0.19397008,0.008778208,0.07737145449646726,204.08695652173913,0.6199598287289962,4.354356800915209,-1.356906544883491,0.05495246619436405,07103800,2000-10-01,2023-12-31,0,169.0,6-17
07103930,3.0,6.857142857142857,72.5,19.46153846153846,0.08318098720292505,0.13045549759999994,0.0,0.03099550715904936,100.5,0.3769903813869189,2.9375754332175585,13.450006370169346,0.023747151455325397,07103930,2000-10-01,2003-09-29,0,,
07103940,0.0,1.0,0.5,1.0,0.0,0.7362368,0.0885324752,0.28188468469469835,177.5,0.6027618629086772,1.527821387557456,5.984566473079626,0.2200536717670267,07103940,2000-10-01,2003-09-29,0,,
07103960,2.3636363636363638,3.1142857142857143,34.0,9.5375,0.008596325953838907,0.16137744320000003,0.001132672,0.04251203486178862,257.9166666666667,0.31605022307022695,,,0.035543828192898086,07103960,2000-10-01,2023-12-31,5909,,
07103970,6.045454545454546,3.369565217391304,4.090909090909091,3.4615384615384617,0.0,2.0259254559999995,0.19469215839999998,0.6998002276250589,214.2608695652174,0.5610040357554807,1.5175008373311272,1.9894052362218202,0.5269695696001043,07103970,2000-10-01,2023-12-31,0,166.0,6-14
07103977,14.714285714285714,4.782608695652174,40.0,8.4,0.0,0.039643519999999995,0.000566336,0.007690527936444884,200.4,0.2800250567413326,,,0.006332944489621577,07103977,2000-10-01,2008-09-29,1914,,
07103980,11.409090909090908,1.85,25.636363636363637,3.9510489510489513,0.0,0.217614608,0.013025728,0.0698110001309622,248.8695652173913,0.4367173676944735,1.6117541757343556,0.4036059916325653,0.059328540277144064,07103980,2000-10-01,2023-12-31,1,192.0,7-10
07103985,9.0,1.2222222222222223,3.0,3.0,0.0,0.0824018879999999,0.013308895999999999,0.054893875032679736,279.0,0.28359054280673407,,1.7562848810114682,0.05751513780356072,07103985,2000-10-01,2002-10-31,302,,
07103990,6.7272727272727275,1.4695652173913043,1.2727272727272727,3.1,0.0,0.5761052959999995,0.070792,0.22059700860292036,239.7391304347826,0.5280830499100606,1.0716364050901284,0.6929846316517179,0.18912181516390633,07103990,2000-10-01,2023-12-31,0,195.0,7-13
07104000,5.318181818181818,2.288135593220339,1.1363636363636365,2.5,0.0,2.644505951999999,0.30298976,0.9402330679302874,220.34782608695653,0.575819467338106,1.3828991139682596,1.6422965471390378,0.7174011968275811,07104000,2000-10-01,2023-12-31,0,173.0,6-21
07105000,3.5,19.25,6.818181818181818,4.545454545454546,0.0,0.10121840159999995,0.011893055999999999,0.04254119028167687,205.2608695652174,0.6308106431399424,1.2875243943930124,1.5115562135572083,0.02924857592010467,07105000,2000-10-01,2023-12-31,0,166.0,6-14
07105490,21.772727272727273,10.23076923076923,105.0,16.02027027027027,0.0,0.47289055999999996,0.011043552,0.13363208769477156,223.56521739130434,0.368328340940401,2.719995167081717,2.3517318541197194,0.08499482290365001,07105490,2000-10-01,2023-12-31,0,168.0,6-16
07105530,3.090909090909091,2.4482758620689653,0.0,,0.0,7.3906848,1.3308896,3.2246289524258125,218.65217391304347,0.6543558255928539,0.918682978390882,1.0953448787562143,2.4290679479775608,07105530,2000-10-01,2023-12-31,0,181.0,6-29
07105900,5.863636363636363,1.5340909090909092,33.22727272727273,11.507462686567164,0.0,0.07897555519999988,0.008211871999999999,0.054035236827131426,240.30434782608697,0.4249364699596792,1.1623704568048832,0.5861231044782284,0.05089467987877575,07105900,2000-10-01,2023-12-31,0,189.0,7-7
07105945,27.40909090909091,13.142857142857142,144.72727272727272,31.61682242990654,0.043923692887423454,0.13839836,0.0,0.04320905431726556,228.8421052631579,0.24919227496594493,4.853681157090864,,0.030890960413243792,07105945,2000-10-01,2023-12-31,1646,164.0,6-12
07106300,4.0,2.1136363636363638,11.090909090909092,4.066666666666666,0.0,9.0047424,0.9671603040000001,3.9508263264248704,203.8695652173913,0.5876829822569674,1.3145938705008458,1.3983126962707013,3.2816544736001294,07106300,2000-10-01,2023-12-31,0,180.0,6-28
07106500,3.8636363636363638,2.0681818181818183,20.5,4.747368421052632,0.0,9.159068959999995,0.785932784,4.0570571417465855,201.69565217391303,0.5742641328461771,1.3624454539978783,1.2628396654691183,3.4342078064705794,07106500,2000-10-01,2023-12-31,0,179.0,6-27
07107900,,,,,0.0,0.20671264,0.031148480000000003,0.06767248439560439,,0.5035419088306943,0.8717636775573279,,0.036710556203075236,07107900,2000-10-01,2001-09-29,0,,
07108100,,3.0,,12.25,0.10164835164835165,0.02479135839999997,0.0,0.008267883252747254,,0.3766021380715388,1.1143156862297243,,0.005083925234084404,07108100,2000-10-01,2001-09-29,0,,
07108900,28.0,7.926829268292683,96.36363636363636,13.035087719298245,0.0,4.1342528,0.091180096,0.898952228672633,223.30434782608697,0.33478058442534486,1.9188327784594557,2.5562232817956243,0.720380667490202,07108900,2000-10-01,2023-12-31,0,160.0,6-8
07109500,6.409090909090909,4.53125,3.090909090909091,6.8,0.0,69.659328,6.1447456,21.040242040960905,240.34782608695653,0.5227865356136923,2.1522473132010336,1.252478856938055,18.03397903233797,07109500,2000-10-01,2023-12-31,0,170.0,6-18
07119500,16.0,3.2432432432432434,56.59090909090909,12.192307692307692,0.0,1.3208371359999995,0.06569497599999999,0.42652836901742813,238.2608695652174,0.419538701600573,2.1564117874805455,0.9154838278003413,0.4137808187182066,07119500,2000-10-01,2023-12-31,0,187.0,7-5
07119700,1.3333333333333333,2.0,83.33333333333333,19.23076923076923,0.0003913894324853229,47.855392,0.7928704,13.811998978580041,231.33333333333334,0.4505456190268784,2.3695232679721423,1.1734564084282408,12.224690773804495,07119700,2000-10-01,2007-09-29,0,168.0,6-16
07121500,0.9545454545454546,1.2,28.772727272727273,13.244897959183673,0.0,3.580659359999995,0.2598207984,1.5289741857333963,232.82608695652175,0.5439816868180345,3.5904044015044794,0.7869577801504334,1.6122873628191616,07121500,2000-10-01,2023-12-31,0,189.0,7-7
07123000,18.5,2.9615384615384617,80.66666666666667,8.344827586206897,0.0,18.17655391999998,0.3964352,4.566335027600783,223.5,0.3896717023985486,2.361590524175563,0.6598781614267243,4.142927154890402,07123000,2000-10-01,2007-09-29,0,168.0,6-16
07124000,10.545454545454545,5.613636363636363,88.0,14.89051094890511,0.0,18.7457216,0.44174208,5.823691475561,232.82608695652175,0.3799464470461448,2.364116832276578,0.9948893968581114,5.474232736465,07124000,2000-10-01,2023-12-31,0,164.0,6-12
07124200,12.454545454545455,6.523809523809524,27.681818181818183,5.728971962616822,0.0,6.355705759999995,0.3114848,1.7315966620442766,238.56521739130434,0.47877149929502116,2.2713977621966617,1.8741416935990218,1.2214986045278438,07124200,2000-10-01,2023-12-31,0,173.0,6-21
07124410,56.18181818181818,12.259615384615385,174.95454545454547,36.8018018018018,0.07277437588318417,6.837091359999995,0.0,1.765197286225153,265.2608695652174,0.28914026790266656,17.369550531577428,2.0361534352579196,1.298203036282747,07124410,2000-10-01,2023-12-31,0,181.0,6-29
07126200,6.909090909090909,2.9692307692307693,171.27272727272728,16.106995884773664,0.0,0.016706911999999997,0.00141584,0.023623090828001264,231.1304347826087,0.12641076302967325,2.822898659496797,1.8664519081360613,0.024503670022143154,07126200,2000-10-01,2023-12-31,2178,207.0,7-25
07126300,19.40909090909091,3.4186046511627906,91.13636363636364,10.947643979057592,0.03603391427225624,4.260262559999995,0.010632958400000003,1.1757596525030616,218.08695652173913,0.33721618183462837,2.100445953053934,2.0494047883779407,1.0293868866592728,07126300,2000-10-01,2023-12-31,0,174.0,6-22
07126485,23.90909090909091,4.075187969924812,101.77272727272727,12.497435897435897,0.039331135186057464,6.2013792,0.0,1.5609858144124302,244.30434782608697,0.22750385462371348,9.11146086325788,2.4486877072444364,1.4196687739456781,07126485,2000-10-01,2023-12-31,2571,,
07128500,22.5,4.185483870967742,128.3181818181818,14.004716981132075,0.0,4.883232159999995,0.019255424,1.303237304463495,234.6086956521739,0.3099847033499204,3.2823270890610226,1.83078454255676,1.2059262202747623,07128500,2000-10-01,2023-12-31,0,174.0,6-22
07130500,96.5909090909091,22.95876288659794,180.54545454545453,47.80898876404494,0.004828073480923222,29.01056159999995,0.017556416,6.790427094251531,267.5217391304348,0.2637423953948358,15.798714904779155,1.1234891028730662,6.3839175851937755,07130500,2000-10-01,2023-12-31,0,182.0,6-30
07133000,35.68181818181818,13.770491803278688,132.45454545454547,14.514423076923077,0.0,15.74130911999999,0.14796943840000001,2.1501481764974093,268.4782608695652,0.2599357278845712,2.251238416739699,0.9133934269288136,2.028701563614143,07133000,2000-10-01,2023-12-31,0,185.0,7-3
07134990,31.40909090909091,5.66412213740458,104.72727272727273,10.916299559471366,0.05299105040037683,1.22328576,0.0,0.2588138856735004,212.2173913043478,0.22969262531392487,,1.8904037415437542,0.22265669963404944,07134990,2000-10-01,2023-12-31,3224,,
07137500,1.9545454545454546,2.4444444444444446,47.31818181818182,15.507246376811594,0.0,14.539260959999995,0.31714815999999996,3.578913201793688,236.2608695652174,0.5711777102471834,2.0596332139284237,1.388407043724513,3.3704607944727223,07137500,2000-10-01,2023-12-31,0,186.0,7-4
07203000,13.454545454545455,4.852459016393443,56.81818181818182,10.176,0.0,1.3419331519999989,0.034829663999999996,0.37282971930664155,235.2608695652174,0.45054639130009083,2.352012772566922,0.8921172461527948,0.28539530005387986,07203000,2000-10-01,2023-12-31,0,171.0,6-19
07204000,30.22222222222222,28.454545454545453,98.55555555555556,24.594594594594593,0.0892706279921149,1.2541510719999995,0.0,0.24205585097859006,211.22222222222223,0.22879273027678307,,3.147363059230166,0.16901885040801326,07204000,2000-10-01,2010-06-21,1636,,
07204500,20.88888888888889,14.125,80.22222222222223,15.72340425531915,0.009011546043368065,1.3308896,0.009061376,0.3237709145104602,207.77777777777777,0.25043053673068844,,1.1072672663747352,0.2118609340657718,07204500,2000-10-01,2010-06-21,1639,,
07205000,14.0,11.76923076923077,81.44444444444444,22.21212121212121,0.07490847648549705,0.42758367999999997,0.0,0.08720427794566889,207.55555555555554,0.29698543510313696,,3.26804042558776,0.060538324445369246,07205000,2000-10-01,2010-06-21,1600,,
07206000,5.363636363636363,5.904761904761905,138.54545454545453,31.815533980582526,0.05310880829015544,1.2147907199999999,0.0,0.36158861093904604,268.4782608695652,0.34593090330609805,6.163488084670186,-1.1338284268972099,0.26168456847508537,07206000,2000-10-01,2023-12-31,43,207.0,7-25
07207500,38.72727272727273,11.907894736842104,146.4090909090909,23.333333333333332,0.10880829015544041,1.1877481759999995,0.0,0.2782976237739049,217.95652173913044,0.27084916425092076,3.520857426593908,3.7863699736616354,0.21016918905224916,07207500,2000-10-01,2023-12-31,0,142.0,5-21
07208500,14.909090909090908,11.419354838709678,22.5,5.134020618556701,0.0,1.1411670399999998,0.05748310399999999,0.30104599153806266,209.17391304347825,0.44200213702510244,1.9017327577264305,2.1751779093762833,0.19192431273546934,07208500,2000-10-01,2023-12-31,6,147.0,5-26
07211500,43.72727272727273,5.9640718562874255,210.13636363636363,20.073170731707318,0.10798398492699011,2.780426591999999,0.0,0.6765477065737163,241.7826086956522,0.18638577016027214,5.887757522736912,3.334226379313334,0.5759995124444798,07211500,2000-10-01,2023-12-31,0,174.0,6-22
07215500,27.727272727272727,14.46808510638298,142.13636363636363,18.852272727272727,0.00011775788977861517,2.1336708800000004,0.010194047999999999,0.45784987374302205,237.04347826086956,0.35414123586417956,4.851936342787085,3.335276838185224,0.30421168660861464,07215500,2000-10-01,2023-12-31,1,182.0,6-30
07216500,25.59090909090909,9.692307692307692,122.9090909090909,18.82312925170068,0.0009420631182289214,2.2354697759999995,0.02973264,0.4832608710767782,222.47826086956522,0.4044131998110625,3.6484022292679383,3.2116480794633313,0.33413097834857747,07216500,2000-10-01,2023-12-31,0,184.0,7-2
07218000,15.090909090909092,5.169014084507042,163.54545454545453,18.55609756097561,0.0,0.34829664,0.0076455360000000005,0.1922747417078228,198.04347826086956,0.2501498742130156,3.41301656427489,4.386713666317337,0.1431631176394629,07218000,2000-10-01,2023-12-31,4,170.0,6-18
07221500,37.27272727272727,7.383333333333334,166.8181818181818,26.16778523489933,0.046867640131888835,7.1075168,0.000283168,1.6275105528532143,230.30434782608697,0.2472623456521703,4.702450772924239,2.253570355868664,1.39051653007412,07221500,2000-10-01,2023-12-31,419,180.0,6-28
07227000,3.0454545454545454,6.7,4.363636363636363,10.666666666666666,0.0,0.1508294351999999,0.055500928,0.1813888226377953,180.1304347826087,0.41652125834741527,0.7437856967673507,-0.3809335915100793,0.16387251305951467,07227000,2000-10-01,2023-12-31,364,189.0,7-7
08220000,23.681818181818183,13.068181818181818,40.31818181818182,7.831932773109243,0.0,92.0296,3.822768,21.69012193763542,234.95652173913044,0.388170027256998,2.6977786590847543,1.914514808477113,11.850547996089839,08220000,2000-10-01,2023-12-31,0,154.0,6-2
08227000,1.0,6.0,2.0,4.0,0.0,4.0209856,0.4530688,1.3898029517651664,222.0,0.5774015567465661,1.662321048527175,2.37234950113479,1.0514846125432058,08227000,2000-10-01,2007-09-29,0,159.0,6-7
08251500,3.6818181818181817,7.5,66.86363636363636,20.876712328767123,0.0,33.413824,0.5097024,9.535554687630713,187.7391304347826,0.47885092312675026,2.1004459982447297,1.8700791087460347,7.265614190188598,08251500,2000-10-01,2023-12-31,0,145.0,5-24
08252500,4.681818181818182,6.0,16.727272727272727,7.4363636363636365,0.0,0.88631584,0.038156888,0.23838180441851106,245.56521739130434,0.3495372524825601,,1.2485382257035373,0.14437596219210866,08252500,2000-10-01,2023-12-31,4516,,
08253000,0.0,,7.681818181818182,9.941176470588236,0.0,1.2459392,0.087498912,0.4104809455943633,258.1304347826087,0.3663766711670516,,0.8988657881421753,0.2342837055325113,08253000,2000-10-01,2023-12-31,4518,,
08253500,0.4090909090909091,9.0,5.318181818181818,7.8,0.0,0.188589888,0.015857408,0.06631668202757585,262.69565217391306,0.36275454353568337,,0.5696496476655863,0.03791413878732653,08253500,2000-10-01,2023-12-31,4503,,
08254000,0.0,,50.68181818181818,18.09090909090909,0.0025906735751295338,2.268742015999999,0.006796032,0.9836772795336408,287.95652173913044,0.2584466235225623,,0.1983046433245495,0.5864406727498068,08254000,2000-10-01,2023-12-31,4375,,
08255500,2.5454545454545454,9.333333333333334,58.40909090909091,7.576271186440678,0.0,3.0865312,0.1380585584,1.0549056041714555,250.95652173913044,0.47686668314755387,4.105548692348059,1.3956435793909585,0.6997750055285213,08255500,2000-10-01,2023-12-31,0,172.0,6-20
08263500,2.8181818181818183,12.0,40.54545454545455,20.108695652173914,0.0,33.696992,1.53123096,10.277665746446438,189.65217391304347,0.5200432705243441,1.8141101099083599,1.7157815959052212,8.16579388206204,08263500,2000-10-01,2023-12-31,16,146.0,5-25
08265000,9.636363636363637,12.105263157894736,14.909090909090908,7.037735849056604,0.0,4.062044959999995,0.23037132640000002,1.110657955478097,228.82608695652175,0.49739724445671274,1.99577831754914,2.2113073942003516,0.6773367008859774,08265000,2000-10-01,2023-12-31,0,160.0,6-8
08267500,8.636363636363637,11.176470588235293,5.954545454545454,2.769230769230769,0.0,2.7965671679999984,0.198500768,0.8115550181552597,231.95652173913044,0.48890928912079035,1.9183128566281435,1.7231755767893446,0.44491221815226645,08267500,2000-10-01,2023-12-31,3,162.0,6-10
08269000,19.454545454545453,19.6,24.772727272727273,5.305555555555555,0.0,2.5554496159999993,0.11609887999999999,0.6186650262496467,215.7826086956522,0.4183187091054934,2.0525177767557663,2.492505005462097,0.4037908912664618,08269000,2000-10-01,2023-12-31,0,140.0,5-19
08271000,9.181818181818182,9.708333333333334,6.181818181818182,4.857142857142857,0.0,1.76696832,0.109869184,0.4697636410136599,232.52173913043478,0.47467683290973856,2.0911362258316997,1.7402864826699902,0.24797048134330388,08271000,2000-10-01,2023-12-31,0,162.0,6-10
08275500,22.181818181818183,19.428571428571427,33.86363636363637,9.333333333333334,0.0,1.5020646559999995,0.05238608,0.3573185018596326,215.7826086956522,0.38084472266020425,1.6358405269384044,2.517839411670034,0.22111257493756756,08275500,2000-10-01,2023-12-31,0,140.0,5-19
08276300,13.363636363636363,12.74074074074074,72.63636363636364,12.907692307692308,0.0,4.4740544,0.062013792,1.0775060585435705,191.47826086956522,0.41065551309639414,2.144048197072929,2.642931142183182,0.7821918441096081,08276300,2000-10-01,2023-12-31,0,132.0,5-11
08276500,0.7272727272727273,4.6,0.0,,0.0,48.83232159999995,5.3518752,16.533206505134245,194.56521739130434,0.6174276156355901,1.2547681281809409,1.4716739208746437,13.205188899771146,08276500,2000-10-01,2023-12-31,0,153.0,6-1
08277470,27.363636363636363,18.61111111111111,63.59090909090909,8.063218390804598,0.0,4.0493024,0.104205824,0.8659033019199247,212.7826086956522,0.3581363509200586,2.0461704044690077,2.7482053874184236,0.4791554884021414,08277470,2000-10-01,2023-12-31,0,141.0,5-20
08278500,18.0,19.75,3.3333333333333335,2.8666666666666667,0.0,2.7184128,0.13592063999999998,0.6270317031452055,218.66666666666666,0.42101803983193403,1.6160559485782746,2.490325529813306,0.32092577898322083,08278500,2000-10-01,2004-09-29,0,,
08279000,11.909090909090908,11.107142857142858,55.31818181818182,17.59722222222222,0.0,6.2509336,0.0566336,1.6187158609049117,203.1304347826087,0.4277358788410645,1.7300261232950496,1.8625258090276038,1.099535552507241,08279000,2000-10-01,2023-12-31,226,149.0,5-28
08279500,0.9090909090909091,8.0,0.0,,0.0,52.102911999999996,5.380192,17.94359788864814,196.30434782608697,0.616147045552921,1.1573776072978172,1.4758775749892605,14.35602094243005,08279500,2000-10-01,2023-12-31,0,152.0,5-31
08284100,49.04545454545455,22.057692307692307,147.4090909090909,14.556485355648535,0.0,42.192032,0.6229696,7.940825389247373,214.69565217391303,0.26308533598502687,2.166520627005839,2.242816153151902,4.3815497193032495,08284100,2000-10-01,2023-12-31,23,128.0,5-7
08285500,3.4545454545454546,6.6875,45.45454545454545,18.527272727272727,0.0,32.847488,1.54892896,11.383380276212907,236.3913043478261,0.4585344487321478,3.705787889434558,0.45729043915610296,7.374568040897675,08285500,2000-10-01,2023-12-31,0,174.0,6-22
08286500,3.5,7.857142857142857,38.45454545454545,14.360655737704919,0.0,34.71639679999984,1.691645632,11.879112095821991,235.7826086956522,0.4611850394429852,3.4763523847237243,0.22499882912429534,9.027810175105177,08286500,2000-10-01,2023-12-31,43,177.0,6-25
08287000,0.0,,83.5909090909091,26.546666666666667,0.0,40.776192,1.274256,12.13973360836552,239.8695652173913,0.43615755428368824,3.9532651562691496,-0.1823649005524164,9.539165127138679,08287000,2000-10-01,2023-12-31,0,173.0,6-21
08289000,27.454545454545453,11.714285714285714,94.72727272727273,25.63953488372093,0.0,6.636042079999984,0.117797888,1.3744437689157922,193.65217391304347,0.29629396221124676,1.5616992974464134,1.8844324497821132,1.176943339959439,08289000,2000-10-01,2023-12-31,298,119.0,4-28
08290000,0.36363636363636365,2.6666666666666665,54.59090909090909,11.8348623853211,0.0,45.30688,1.8689088,13.256170796646707,224.08695652173913,0.4468292950849336,3.5226174524880465,0.2803808120469602,11.129019303885789,08290000,2000-10-01,2023-12-31,476,166.0,6-14
08291000,6.181818181818182,7.909090909090909,12.954545454545455,5.7,0.0,2.47205664,0.16565327999999999,0.7341495837302204,218.6086956521739,0.4970286366459661,2.185812243160547,1.8190407853110078,0.5291693022059671,08291000,2000-10-01,2023-12-31,11,161.0,6-9
08294210,4.7272727272727275,10.6,111.36363636363636,49.48076923076923,0.0,0.9486128,0.014724736,0.28082816267545924,241.1304347826087,0.4029171546803515,3.8407062750133223,1.8526212206567598,0.18015235126241178,08294210,2000-10-01,2023-12-31,0,167.0,6-15
08302500,14.727272727272727,14.62962962962963,52.0,10.306306306306306,0.009420631182289214,0.23616211199999998,0.006229696,0.06248772826754592,220.69565217391303,0.42988870098390436,2.438599923734338,3.564796448824536,0.04250491224337268,08302500,2000-10-01,2023-12-31,0,160.0,6-8
08313000,0.5,6.0,0.0,,0.0,99.958304,11.76704624,31.903203415544045,214.34782608695653,0.6261663842390799,1.2564899992078518,0.9454568822705597,26.201046842046285,08313000,2000-10-01,2023-12-31,0,158.0,6-6
08313268,0.0,,0.0,,0.0,49.18628159999995,10.46730512,24.57473746837294,226.0,0.6413883309979671,1.8251696240438349,0.78425066714958,21.613892092633684,08313268,2000-10-01,2003-09-29,0,,
08316000,4.5,9.9,75.63636363636364,32.9622641509434,0.013306641544983514,0.50403904,0.00141584,0.16606722813377292,236.52173913043478,0.47929863903771397,3.843452933240717,2.3785630083921876,0.09753087793138861,08316000,2000-10-01,2023-12-31,0,180.0,6-28
08317400,0.2727272727272727,6.0,2.909090909090909,4.866666666666666,0.0,94.98870559999995,8.8065248,28.64209640923222,210.69565217391303,0.5915468359546756,1.1626377214973642,1.1023237648973303,23.687777190852096,08317400,2000-10-01,2023-12-31,0,157.0,6-5
08319000,0.0,,0.6363636363636364,5.333333333333333,0.0,94.011776,11.3479576,30.90531083877159,209.65217391304347,0.6172221210023673,1.106821821253066,1.0166720033164296,26.342824299689685,08319000,2000-10-01,2023-12-31,156,159.0,6-7
08324000,15.409090909090908,11.142857142857142,16.90909090909091,3.7777777777777777,0.0,5.804944,0.283168,1.4270899031489361,187.95652173913044,0.4359635884468171,1.5418592229562997,2.3094160388418414,1.005957470256667,08324000,2000-10-01,2023-12-31,408,137.0,5-16
08329000,36.375,6.30188679245283,153.375,11.313559322033898,0.13055386488131468,5.734152,0.0,1.2838987924625684,198.375,0.2416990119947141,4.533664176336305,2.1781050376297824,1.1373612692364936,08329000,2000-10-01,2009-09-29,0,146.0,5-25
08329835,24.0,1.4450261780104712,136.8181818181818,5.824778761061947,0.0005887894488930759,0.6796032,0.004757222400000003,0.18694742945945275,230.4090909090909,0.2221067493914036,2.465984849337087,,0.2186264545088633,08329835,2000-10-01,2023-12-31,415,210.0,7-28
08329900,26.863636363636363,1.5939086294416243,153.72727272727272,5.7405063291139244,0.05970325011775789,1.0564998079999983,0.0,0.2524317197085115,228.14285714285714,0.14842965682226608,4.821052079940188,,0.29284373199048513,08329900,2000-10-01,2023-12-31,1713,211.0,7-29
08330000,1.7727272727272727,7.8,21.954545454545453,8.904761904761905,0.00011775788977861517,89.04217759999995,4.1908864,24.349930665823834,198.1304347826087,0.5436465856367966,1.2096435293515562,1.3979432117056267,21.16051431147273,08330000,2000-10-01,2023-12-31,0,154.0,6-2
08341500,,,,,0.0,0.009627712,0.0076455360000000005,0.008793831062068961,,0.49996414606951134,0.0993629843945808,,0.005926687869519288,08341500,2000-10-01,2001-02-22,0,,
08343500,0.45454545454545453,1.25,0.0,,0.0,0.12851579679999986,0.058615775999999994,0.0977048877549234,175.1764705882353,0.7994680153663161,,,0.11567311840991301,08343500,2000-10-01,2023-12-31,3008,190.0,7-8
08377900,22.454545454545453,12.022222222222222,70.0,11.861538461538462,0.0,3.4603129599999947,0.10358285440000001,0.7827272130845453,231.47826086956522,0.3787152733779966,2.6052131967496823,2.316050797990686,0.3911415969308014,08377900,2000-10-01,2023-12-31,35,168.0,6-16
08378500,13.363636363636363,9.942857142857143,9.227272727272727,3.4745762711864407,0.0,9.527187359999996,0.5380192,2.4050297873801227,225.08695652173913,0.4572787026602392,2.129352114884295,2.2201259786286527,1.259367787745545,08378500,2000-10-01,2023-12-31,0,163.0,6-11
08379500,41.04545454545455,8.066115702479339,144.63636363636363,15.45,0.011069241639189827,11.2417696,0.032281151999999994,2.514056134621511,210.8695652173913,0.28786393892319,5.027152688244138,1.6038814374472214,1.9342551320800376,08379500,2000-10-01,2023-12-31,431,148.0,5-27
08380500,15.227272727272727,6.482142857142857,53.81818181818182,10.092436974789916,0.0,1.6266585759999994,0.061730624000000005,0.46119900944324066,216.8695652173913,0.4177508044714526,2.247193149015769,2.54891366782407,0.2933689090799896,08380500,2000-10-01,2023-12-31,0,168.0,6-16
08382650,64.95454545454545,8.804597701149426,222.5909090909091,25.400990099009903,0.0,10.0241472,0.031431648,2.096410879623175,233.30434782608697,0.20641863606226749,3.6643933870606475,1.6270933000213608,1.766270484295805,08382650,2000-10-01,2023-12-31,0,171.0,6-19
09010500,38.86363636363637,19.4468085106383,119.95454545454545,38.06849315068493,0.0,9.486127999999999,0.1982176,1.90779247802516,247.47826086956522,0.28308263090860464,2.610860008976856,2.0612491283060703,0.7987867239378381,09010500,2000-10-01,2023-12-31,66,161.0,6-9
09019500,3.909090909090909,13.0,12.545454545454545,11.64,0.0,13.031391359999994,0.61164288,3.4528710363304667,273.8695652173913,0.3206506772214804,,2.2527879255340246,1.648065841140736,09019500,2000-10-01,2023-12-31,4655,,
09022000,31.045454545454547,22.75,95.54545454545455,27.67105263157895,0.0,1.851635551999999,0.04813856,0.366806997373528,252.8695652173913,0.3328576791003178,2.660816528965837,1.5876532153607257,0.15398862145272244,09022000,2000-10-01,2023-12-31,0,167.0,6-15
09024000,19.818181818181817,16.96551724137931,4.545454545454546,3.5121951219512195,0.0,2.3284904639999926,0.11836422399999999,0.5354760232425813,248.82608695652175,0.3833257877767928,1.96643108718365,2.0490214926089947,0.23900514253894806,09024000,2000-10-01,2023-12-31,0,172.0,6-20
09025000,22.5,19.714285714285715,10.454545454545455,5.36734693877551,0.0,2.8012394399999976,0.11043552,0.5177437443089967,244.47826086956522,0.3878805272120388,0.9848087936392825,4.6580169982519335,0.24481071953894354,09025000,2000-10-01,2023-12-31,0,170.0,6-18
09032000,31.227272727272727,19.763157894736842,108.4090909090909,21.45,0.0,2.1803936,0.054934592,0.38847541821196424,244.0,0.270454864854823,1.6774582611102915,2.7230134414427387,0.18908680653918197,09032000,2000-10-01,2023-12-31,0,165.0,6-13
09032100,21.863636363636363,15.027777777777779,22.90909090909091,15.63888888888889,0.0015308525671219972,0.68526656,0.028599968,0.15025920447291566,246.6086956521739,0.37748714198436384,1.7114118851917761,1.8081832464416718,0.06019136797640118,09032100,2000-10-01,2023-12-31,0,172.0,6-20
09033100,11.136363636363637,12.666666666666666,36.95454545454545,25.857142857142858,0.0,6.1730624,0.156875072,1.3658977158173142,249.53333333333333,0.28226273612351255,,,0.6912584782784039,09033100,2000-10-01,2023-12-31,5558,,
09033300,16.181818181818183,13.1,28.545454545454547,11.428571428571429,0.0,21.2376,0.89481088,5.296195230466366,248.0,0.28286041272751666,,2.2624033756910387,2.803143042186864,09033300,2000-10-01,2023-12-31,3839,,
09034250,14.818181818181818,15.875,1.0,2.0,0.0,25.1170016,1.8689088,6.884124524427697,238.30434782608697,0.45265294193650346,1.7143155997466846,2.34790110675547,3.734112839577361,09034250,2000-10-01,2023-12-31,0,168.0,6-16
09034900,50.86363636363637,25.0,166.3181818181818,57.161764705882355,0.0,1.4639785600000002,0.017556416,0.26685965905763115,257.1304347826087,0.24793797420246094,3.9578115536089937,1.4537060513801783,0.11866902827060422,09034900,2000-10-01,2023-12-31,7,169.0,6-17
09035500,58.09090909090909,12.70754716981132,228.4090909090909,25.46919431279621,0.0,3.2281152,0.013875232,0.4740810860367405,255.2608695652174,0.1647803811163335,3.9840817085338522,2.639236172213982,0.22175080442742579,09035500,2000-10-01,2023-12-31,0,168.0,6-16
09035700,39.86363636363637,23.475,113.22727272727273,18.068027210884352,0.0,5.7483104,0.128275104,1.061426571071126,252.8695652173913,0.2920341781598502,2.540603028326398,2.231989888655663,0.5354341568117955,09035700,2000-10-01,2023-12-31,0,167.0,6-15
09035800,26.2,20.8,13.5,10.384615384615385,0.0,1.0477216,0.047855392,0.22335418926693226,249.1,0.38658469388870087,1.7811715176943423,1.354426745654815,0.10938028305572525,09035800,2000-10-01,2011-09-29,0,166.0,6-14
09035900,27.09090909090909,21.233333333333334,13.5,3.8048780487804876,0.0,4.318312000000001,0.192271072,0.9252793032509715,250.8695652173913,0.3830530805308577,1.8503822451311502,1.298521294819569,0.4605573970480412,09035900,2000-10-01,2023-12-31,1,166.0,6-14
09036000,32.13636363636363,26.137931034482758,51.59090909090909,11.476190476190476,0.0,12.9124608,0.47289055999999996,2.7222351678568066,251.2608695652174,0.3475033352682559,2.316779300294021,1.7287206953879057,1.3803438280134661,09036000,2000-10-01,2023-12-31,0,166.0,6-14
09037500,28.59090909090909,15.409090909090908,32.86363636363637,13.163636363636364,0.0,16.3104768,0.495544,3.403016656180876,235.34782608695653,0.37743783952643895,1.4145253037516308,2.6397458684437938,1.984625435746667,09037500,2000-10-01,2023-12-31,0,156.0,6-4
09038500,5.181818181818182,8.142857142857142,28.045454545454547,31.761904761904763,0.0,11.226195359999995,0.495544,3.881804793330193,249.95652173913044,0.5170508982784628,1.9761792554999287,1.6075053928601493,2.4195059789945046,09038500,2000-10-01,2023-12-31,0,198.0,7-16
09041090,57.0,29.044444444444444,178.27272727272728,40.490196078431374,0.0,11.016651039999978,0.061730624000000005,1.9260693129101796,227.0,0.1871720701677224,8.496349146597392,0.18122699486227972,1.1577166777899968,09041090,2000-10-01,2023-12-31,1812,137.0,5-16
09041400,27.954545454545453,18.470588235294116,11.954545454545455,8.766666666666667,0.0,8.3251392,0.43041535999999997,2.107970382926048,249.8695652173913,0.4018415006556036,2.91084364179358,0.4685192581928017,1.3794840711983583,09041400,2000-10-01,2023-12-31,0,183.0,7-1
09046490,14.954545454545455,10.612903225806452,79.27272727272727,27.65671641791045,0.0,3.1997984,0.0800091184,0.8079112491229392,252.8695652173913,0.38055386701489713,2.248294927973299,2.614455266110596,0.3845571188203037,09046490,2000-10-01,2023-12-31,0,188.0,7-6
09046530,12.75,12.6,20.75,5.666666666666667,0.0,0.8378941119999996,0.0424752,0.2128196236690742,250.5,0.36876993896953836,3.1625154049705086,1.8504619269589053,0.1230398977734757,09046530,2000-10-01,2005-09-30,303,,
09046600,14.181818181818182,10.758620689655173,7.2727272727272725,13.333333333333334,0.0,9.328969759999994,0.5509033440000001,2.5028083113330193,248.0,0.44071556686096336,2.3847452408177463,1.7793469996308184,1.3352928005829756,09046600,2000-10-01,2023-12-31,0,172.0,6-20
09047500,13.272727272727273,9.67741935483871,35.40909090909091,14.357142857142858,0.0,9.061376,0.35679168,2.31546114970343,255.3913043478261,0.28679775190001733,,2.3341140221014216,1.1613971875809626,09047500,2000-10-01,2023-12-31,2807,,
09047700,10.227272727272727,9.0,1.5454545454545454,3.7777777777777777,0.0,0.61730624,0.047572223999999996,0.1630346762505888,235.56521739130434,0.4992752158021185,1.4481140383286455,1.6260434591712187,0.0903586656268571,09047700,2000-10-01,2023-12-31,0,163.0,6-11
09050100,30.227272727272727,23.5,37.09090909090909,12.6,0.0,13.0540448,0.4672272,2.755499471683467,247.82608695652175,0.35196488065254333,2.2315990358771325,1.538250836029057,1.4016664454847898,09050100,2000-10-01,2023-12-31,0,162.0,6-10
09050700,14.909090909090908,19.823529411764707,0.0,,0.0,22.439648159999997,1.4724736,5.037067544229863,231.0,0.5017675496890581,1.1369514855482923,3.6372077910509897,2.7163892574979753,09050700,2000-10-01,2023-12-31,0,180.0,6-28
09051050,22.181818181818183,17.2,12.818181818181818,7.675675675675675,0.0,1.839600911999999,0.088348416,0.413542243596607,249.43478260869566,0.403204824563742,1.9283524593230552,1.3094960938887727,0.2172122942386126,09051050,2000-10-01,2023-12-31,4,168.0,6-16
09058500,15.863636363636363,11.485714285714286,52.95454545454545,26.285714285714285,0.0,3.9926688,0.05946528,0.9499043870180603,249.71428571428572,0.239388830859161,,,0.4509123172979721,09058500,2000-10-01,2023-12-31,5502,,
09058610,19.0,28.5,0.0,,0.0,0.23222607679999968,0.021520768,0.06534179180273972,227.66666666666666,0.4643626384133937,1.5602994064637004,1.798453144591525,0.03562659625498888,09058610,2000-10-01,2004-09-29,0,,
09058700,43.333333333333336,19.11111111111111,224.0,24.90625,0.0,0.12187550719999989,0.001982176,0.026885637895890414,227.0,0.19881415715359324,2.633443241497053,1.728977525463195,0.015590150449503353,09058700,2000-10-01,2004-09-29,0,,
09058800,37.0,19.5,116.33333333333333,10.675675675675675,0.0,0.5098439839999999,0.013308895999999999,0.09269000208219176,239.0,0.2909179950226007,2.758759695078059,2.165883638288667,0.049540366462448464,09058800,2000-10-01,2004-09-29,0,,
09059500,47.68181818181818,25.86046511627907,108.72727272727273,17.537414965986393,0.0,10.886393759999995,0.27935939039999996,2.140936880180876,239.08695652173913,0.29653729802560086,2.259234682446691,1.7404320142266196,1.1661533136984452,09059500,2000-10-01,2023-12-31,0,153.0,6-1
09063000,26.045454545454547,17.794117647058822,16.0,10.666666666666666,0.0,4.3041536,0.2142307504,1.0141705602298634,239.52173913043478,0.389917324406951,1.4337876477219587,1.960279990079339,0.6479747150285012,09063000,2000-10-01,2023-12-31,0,157.0,6-5
09063400,32.285714285714285,31.666666666666668,115.85714285714286,43.04761904761905,0.0,2.5550248640000017,0.06796031999999999,0.5470607552021747,248.375,0.2877057309336966,2.499060594882418,2.0098557240873545,0.28105661053507536,09063400,2000-10-01,2008-10-21,0,160.0,6-8
09063900,34.09090909090909,8.906976744186046,138.6818181818182,34.666666666666664,0.0,0.9385603359999996,0.015857408,0.20449201200188413,251.69565217391303,0.2939266313834049,3.969085237128603,2.172018871768446,0.09646496332177797,09063900,2000-10-01,2023-12-31,0,169.0,6-17
09064000,24.272727272727273,9.05084745762712,66.4090909090909,19.53846153846154,0.0,2.929372959999995,0.10194048,0.7577561008082901,246.34782608695653,0.36726556211058936,3.081094641506059,2.1603979316298916,0.3716738358058067,09064000,2000-10-01,2023-12-31,0,167.0,6-15
09064500,16.7,9.625,83.9,23.625,0.0,4.389104,0.15857407999999998,1.1466430539656631,239.0,0.3621711959696779,3.4371892283292365,2.4498584614612313,0.5748868591196532,09064500,2000-10-01,2011-10-02,0,156.0,6-4
09064600,31.90909090909091,13.267857142857142,36.0,8.07920792079208,0.0,14.724736,0.63146464,3.5139174426792272,242.17391304347825,0.3611126126038707,2.494769656501341,2.7449305806113036,2.0297710907422646,09064600,2000-10-01,2023-12-31,0,158.0,6-6
09065100,50.63636363636363,15.415584415584416,154.77272727272728,39.54347826086956,0.0,7.3637838399999795,0.10335632,1.4497620434753116,252.0909090909091,0.2638447716377907,4.320828224463742,,0.6911899988506653,09065100,2000-10-01,2023-12-31,472,165.0,6-13
09065500,50.36363636363637,23.15686274509804,164.36363636363637,37.53398058252427,0.0,4.1908864,0.062296960000000005,0.7658371926745173,250.2173913043478,0.25455283514237387,3.367547546211413,1.4989772302258817,0.3599142253034854,09065500,2000-10-01,2023-12-31,0,162.0,6-10
09066000,37.81818181818182,25.34285714285714,97.31818181818181,16.869565217391305,0.0,2.411033935999999,0.057199936,0.44083635588130005,244.91304347826087,0.2801260711101137,1.7021461580593928,1.3188387089553355,0.2335605229046564,09066000,2000-10-01,2023-12-31,0,157.0,6-5
09066100,38.42857142857143,14.545454545454545,136.28571428571428,40.285714285714285,0.0,1.2459392,0.022370272,0.25160034217322835,245.0,0.278236938848707,3.6465074377925113,1.5411463956964595,0.11651062640127648,09066100,2000-10-01,2008-09-29,0,159.0,6-7
09066150,35.857142857142854,12.75,100.14285714285714,29.321428571428573,0.0,1.5007904,0.03681184,0.3207121409489901,244.42857142857142,0.30241496375321475,2.8354810108257387,1.7301331722816353,0.14533969806081942,09066150,2000-10-01,2008-09-29,0,160.0,6-8
09066200,58.27272727272727,26.607843137254903,188.86363636363637,39.714285714285715,0.0,1.6436486559999997,0.017273247999999998,0.29643488096467263,246.30434782608697,0.21932593949944956,3.6222476445962255,1.0186956593650212,0.14795418911244812,09066200,2000-10-01,2023-12-31,0,158.0,6-6
09066300,55.04545454545455,32.794871794871796,203.72727272727272,44.886792452830186,0.0011775788977861517,0.85233568,0.0025485119999999997,0.1341089916910033,251.08695652173913,0.1799204175035914,3.7566373231958914,1.9373152829963054,0.07449436353386665,09066300,2000-10-01,2023-12-31,0,162.0,6-10
09066325,46.36363636363637,26.317073170731707,147.27272727272728,21.57861635220126,0.0,16.436486559999995,0.38510848,3.0620116255261425,247.7391304347826,0.27424875939274695,2.6790750964028947,1.790787407713669,1.5422000887051466,09066325,2000-10-01,2023-12-31,0,160.0,6-8
09066400,45.42857142857143,26.5,150.14285714285714,22.454545454545453,0.0,1.22328576,0.027184128,0.21576703616569667,237.85714285714286,0.2497573623033495,2.4242732723775475,1.7206561972646104,0.11546318164598289,09066400,2000-10-01,2008-09-29,0,151.0,5-30
09066510,46.5,28.42105263157895,142.86363636363637,21.49367088607595,0.0,18.6324544,0.42192032,3.538592606164861,246.34782608695653,0.2768320523631778,2.849535955666278,1.5388255941801188,1.8352887998598306,09066510,2000-10-01,2023-12-31,0,159.0,6-7
09067000,30.318181818181817,20.514285714285716,55.18181818181818,8.026143790849673,0.0,1.6217031359999994,0.0566336,0.3548366997277382,247.7391304347826,0.3324901805574054,2.727191796811786,1.2880937302672033,0.1881150257948349,09067000,2000-10-01,2023-12-31,485,162.0,6-10
09067020,42.5,18.79245283018868,102.9090909090909,9.869918699186991,0.0,47.69964959999995,1.41867168,9.962562494884597,245.6086956521739,0.3098930251091623,2.7766385728527965,2.2041446091207137,5.4551776359759385,09067020,2000-10-01,2023-12-31,0,159.0,6-7
09067200,31.636363636363637,10.771428571428572,70.04545454545455,13.274193548387096,0.0,7.4190016,0.23207033439999997,1.543926069686293,251.56521739130434,0.34118570866376097,2.4208100902711838,1.6632399218637741,0.8038727463026234,09067200,2000-10-01,2023-12-31,0,167.0,6-15
09070000,22.90909090909091,14.621621621621621,4.2727272727272725,4.7,0.0,64.68972959999995,3.7095008,15.035353156175224,243.0,0.4189828255013925,1.5964423161663435,2.114071192496268,9.548310658879258,09070000,2000-10-01,2023-12-31,0,161.0,6-9
09070500,4.0,11.0,0.13636363636363635,1.5,0.0,178.80643359999996,18.05337584,53.24500070315592,236.69565217391303,0.5625772532564872,1.4029381892498642,1.8127631060766904,32.94586665714794,09070500,2000-10-01,2023-12-31,0,168.0,6-16
09073300,20.181818181818183,13.411764705882353,48.95454545454545,11.81904761904762,0.0,5.0120736,0.194536416,1.3360685199736224,248.91304347826087,0.36027910110596306,2.6039796408169993,1.438082525372697,0.6912209415888565,09073300,2000-10-01,2023-12-31,0,166.0,6-14
09073400,20.181818181818183,13.083333333333334,11.318181818181818,7.333333333333333,0.0,8.7215744,0.44740544,2.158382056373057,246.17391304347825,0.399034755956583,1.8703432523944297,1.2547910151924535,1.136146303974464,09073400,2000-10-01,2023-12-31,0,163.0,6-11
09074000,22.733333333333334,12.482758620689655,86.53333333333333,19.985294117647058,0.0,4.108767679999985,0.0991088,0.9778184343245118,244.93333333333334,0.3284272163732141,3.6863031674047284,2.014778235679916,0.5003518550244653,09074000,2000-10-01,2016-09-30,365,160.0,6-8
09080400,0.0,,0.0,,0.0,9.1180096,1.22611744,4.226427451907677,249.6086956521739,0.6386893264010141,1.9249391167885732,1.3974577042112295,2.1995822873163755,09080400,2000-10-01,2023-12-31,0,199.0,7-17
09081000,5.045454545454546,7.928571428571429,0.045454545454545456,1.0,0.0,51.380833599999946,5.521776,15.867077793725858,243.7826086956522,0.5680473008311421,1.4087531155526418,1.7918470566995028,8.33507389345491,09081000,2000-10-01,2023-12-31,0,172.0,6-20
09081600,36.59090909090909,17.235294117647058,78.45454545454545,9.283582089552239,0.0,35.396,1.10152352,7.707999686330664,246.7826086956522,0.3355995389893288,2.8609491942168717,1.1406169850853778,2.9765486160832473,09081600,2000-10-01,2023-12-31,0,161.0,6-9
09083800,33.333333333333336,13.043478260869565,33.55555555555556,7.068181818181818,0.0,44.740544,1.457465696,9.407407650181364,244.55555555555554,0.35603172977172115,3.279693063362548,2.2411770195349128,4.004335893000507,09083800,2000-10-01,2010-09-30,454,158.0,6-6
09085000,5.863636363636363,6.7894736842105265,0.09090909090909091,2.0,0.0,102.223648,9.614969440000001,29.275849868299577,242.2608695652174,0.5426899635850556,1.3115509213388223,1.6794774401215735,15.275124984267876,09085000,2000-10-01,2023-12-31,0,168.0,6-16
09085100,3.409090909090909,9.375,0.045454545454545456,1.0,0.0,280.7469135999999,30.582144,85.31742800979745,238.65217391304347,0.5642282996123431,1.357104033315888,1.7860028612198255,50.415186741865995,09085100,2000-10-01,2023-12-31,0,167.0,6-15
09089500,68.5,30.5,123.5,52.0,0.046849757673667204,4.5590048,0.0,0.9448346547502271,229.2,0.18316899606639545,,2.0278913837159456,0.4853166007351405,09089500,2000-10-01,2005-10-31,756,,
09095300,7.090909090909091,15.89655172413793,59.5,32.26190476190476,0.01586549846080985,0.37604710399999985,0.0,0.1049315044110831,204.4,0.27997696446653075,,,0.09018134111142932,09095300,2000-11-16,2023-12-31,6461,,
09095500,4.045454545454546,8.090909090909092,0.09090909090909091,2.0,0.0,328.47488,33.413824,95.54844257183233,236.7826086956522,0.5619854135124333,1.1824170785228783,1.4850999154168318,59.45367527584851,09095500,2000-10-01,2023-12-31,0,165.0,6-13
09105000,9.636363636363637,9.517241379310345,33.77272727272727,11.609375,0.0,15.5176064,0.69092992,4.302879477381064,209.69565217391303,0.49606478469059684,1.3290184291787148,1.6063105088624239,2.5935874114971535,09105000,2000-10-01,2023-12-31,0,144.0,5-23
09106150,10.363636363636363,10.583333333333334,25.681818181818183,8.692307692307692,0.0,294.49472,13.04130224,75.07301565328308,221.95652173913044,0.49549791530300424,1.052731233556603,2.3370517841969756,46.95322514647254,09106150,2000-10-01,2023-12-31,0,157.0,6-5
09107000,12.590909090909092,12.0,0.3181818181818182,1.4,0.0,10.688176159999996,0.7717743840000001,2.8200031547056055,241.47826086956522,0.46651351596501967,1.7914613632798613,1.7393251525968594,1.6704162956942652,09107000,2000-10-01,2023-12-31,0,161.0,6-9
09109000,1.0454545454545454,11.5,0.0,,0.0,12.868569759999994,1.5432656,4.962981365388602,257.5652173913044,0.589999820713697,2.6794012572675836,0.8911989375946848,3.1776416624229076,09109000,2000-10-01,2023-12-31,0,188.0,7-6
09110000,2.1363636363636362,6.714285714285714,0.0,,0.0,21.41599583999998,2.59948224,7.686941646974552,247.34782608695653,0.5849542961337627,2.2642860619800875,1.4355405815796458,4.976370800368711,09110000,2000-10-01,2023-12-31,4,178.0,6-26
09111500,54.0,24.071428571428573,162.2,16.28813559322034,0.0,15.54309152,0.3114848,3.1175816059264636,234.83333333333334,0.26824780316985786,2.668515533929496,1.573637815845035,1.3923335360367552,09111500,2000-10-01,2006-10-12,0,,
09112200,34.18181818181818,16.07843137254902,63.86363636363637,10.927007299270073,0.0,36.81184,1.30540448,7.982707992312766,241.0,0.3498266352459596,2.5470626761223114,2.25522825684501,3.692193412433622,09112200,2000-10-01,2023-12-31,0,157.0,6-5
09113980,23.818181818181817,12.574468085106384,35.81818181818182,7.241666666666666,0.0,8.281248159999995,0.30737886400000003,1.8531495604634953,232.2173913043478,0.40764858037710916,2.2241489864115023,3.0625041184542554,1.1500788484449131,09113980,2000-10-01,2023-12-31,0,158.0,6-6
09114500,10.909090909090908,13.0,0.8636363636363636,3.8,0.0,61.730624,4.8704896,17.15249512120584,241.04347826086956,0.4957870970957112,2.0568437648411573,2.1801438811090805,10.342519197913791,09114500,2000-10-01,2023-12-31,0,164.0,6-12
09115500,12.409090909090908,13.727272727272727,8.954545454545455,4.377777777777778,0.0,6.229696,0.39926688,1.617348677731512,227.7391304347826,0.47828127164438444,1.4180117904595437,1.382061352097096,1.2507579309229024,09115500,2000-10-01,2023-12-31,0,151.0,5-30
09118450,2.227272727272727,8.166666666666666,2.727272727272727,3.0,0.0,2.7278989279999983,0.29449472,0.9765327246424871,216.82608695652175,0.6029645647708675,1.5671356099178502,1.6456356168072972,0.8266524261417973,09118450,2000-10-01,2023-12-31,0,169.0,6-17
09119000,5.2272727272727275,9.285714285714286,13.636363636363637,12.0,0.0,13.8469152,1.040783984,3.9990378125219026,218.1304347826087,0.5516997675548401,1.534809758007025,1.625205004582543,3.506630165687469,09119000,2000-10-01,2023-12-31,0,159.0,6-7
09124500,23.40909090909091,15.583333333333334,27.363636363636363,8.08974358974359,0.0,25.809347359999997,1.10152352,5.897287712406971,245.95652173913044,0.39786049688719327,2.5710304901043677,3.1732519396692096,3.4413164814727875,09124500,2000-10-01,2023-12-31,0,163.0,6-11
09126000,29.59090909090909,19.243243243243242,129.63636363636363,36.5875,0.0,10.5904832,0.28883136,2.4821790957136125,255.1304347826087,0.35223564257808804,4.887576072175612,1.7898661743498956,1.2666349685850298,09126000,2000-10-01,2023-12-31,0,172.0,6-20
09128000,3.6363636363636362,10.375,0.0,,0.0,54.085088,8.778208,23.125272181252942,206.95652173913044,0.6623852627760937,1.1464436372287725,1.1895314377195025,17.02656341308478,09128000,2000-10-01,2023-12-31,0,172.0,6-20
09132500,34.54545454545455,14.701754385964913,123.77272727272727,18.67721518987342,0.0,52.952416,1.1156819199999999,11.243828003278379,233.52173913043478,0.3301317691879243,3.4897115628126407,2.0295958081522865,5.973912638826757,09132500,2000-10-01,2023-12-31,0,147.0,5-26
09134000,32.583333333333336,25.5,90.0,12.79,0.0,1.9769373920000015,0.06399596799999999,0.47951815384462804,238.53846153846155,0.3557881543147859,3.7733808990305513,2.8023293684869923,0.2876063946708025,09134000,2000-10-01,2013-12-31,0,154.0,6-2
09134100,28.181818181818183,24.192307692307693,101.4090909090909,18.634920634920636,0.0,50.97024,0.27467295999999997,8.246335116596747,238.7826086956522,0.24715155077756848,,2.8427458525236347,4.6388717481762,09134100,2000-10-01,2023-12-31,3391,134.0,5-13
09135950,9.875,27.75,35.625,9.5,0.0,67.96032,1.106054208,9.885211506039536,252.25,0.28249461826816563,,3.7157113681168905,5.625057212096708,09135950,2000-10-01,2009-05-19,1686,,
09143000,0.5909090909090909,6.0,18.227272727272727,5.602564102564102,0.0,5.0120736,0.24465715200000002,1.6556359867831716,249.7826086956522,0.35974820789187506,,0.47454873253053836,0.6449563727967559,09143000,2000-10-01,2023-12-31,3548,,
09143500,5.0,8.45,64.31818181818181,12.209677419354838,0.0,3.0851153599999948,0.09287910399999999,0.9020957591739779,235.82608695652175,0.3799341006950569,4.052005014259538,-0.6435123511752515,0.3803073685505118,09143500,2000-10-01,2023-12-31,1790,155.0,6-3
09144250,3.272727272727273,7.545454545454546,0.0,,0.0,119.780064,13.8469152,39.905717162129065,211.69565217391303,0.6228810098821128,1.2901559357074441,1.655588017862181,28.793949827361065,09144250,2000-10-01,2023-12-31,0,156.0,6-4
09146200,11.0,6.783783783783784,0.45454545454545453,3.3333333333333335,0.0,15.898467359999994,1.11001856,4.282849642920396,244.7391304347826,0.46725263337026957,2.2810281045005985,1.256841544001836,2.267521435830421,09146200,2000-10-01,2023-12-31,0,166.0,6-14
09147000,0.7727272727272727,1.4166666666666667,32.36363636363637,13.96078431372549,0.0,2.61647232,0.0601873584,0.8358296065379179,218.2173913043478,0.5695967223772279,1.3776495047445307,2.006407221334435,0.5372696801439958,09147000,2000-10-01,2023-12-31,0,189.0,7-7
09147025,2.8181818181818183,6.2,19.954545454545453,43.9,0.0,14.3849344,1.02506816,5.135986943118228,258.4782608695652,0.4849910599330361,4.325727613760287,1.5158413078117452,3.0068082342193976,09147025,2000-10-01,2023-12-31,0,184.0,7-2
09147500,8.045454545454545,8.045454545454545,19.045454545454547,10.042553191489361,0.0,19.6518592,1.199358064,6.157506833349035,249.04347826086956,0.47692177849530043,3.690963562156292,1.9539679382725526,3.836824766819039,09147500,2000-10-01,2023-12-31,0,174.0,6-22
09149500,0.0,,3.5454545454545454,4.875,0.0,20.5013632,3.0865312,8.872521417277436,193.69565217391303,0.6565929638188648,1.5479564334926117,1.6861233244735725,7.53853608297446,09149500,2000-10-01,2023-12-31,0,214.0,8-1
09152500,1.1818181818181819,5.5,0.0,,0.0,157.1299231999999,20.7845312,56.191798565426275,211.95652173913044,0.654810479084255,1.2286821454850543,1.627267104860594,43.05459560479652,09152500,2000-10-01,2023-12-31,0,165.0,6-13
09163500,2.1363636363636362,5.6,0.0,,0.0,489.88063999999997,58.615776,148.98188070843148,224.3913043478261,0.6111939433372405,0.9704795238010548,1.968284284611294,105.03721485305863,09163500,2000-10-01,2023-12-31,0,163.0,6-11
09166500,34.18181818181818,16.294117647058822,125.5,26.12280701754386,0.0,45.023711999999996,0.84384064,9.452823081639192,230.2173913043478,0.3114577032235116,3.3539668249219896,1.5893904349514243,4.907143303137995,09166500,2000-10-01,2023-12-31,0,145.0,5-24
09168730,16.363636363636363,16.444444444444443,78.5909090909091,12.602836879432624,0.01048045219029675,26.503108959999995,0.220021536,4.252029377751425,224.31578947368422,0.2810794185604674,,,2.8796191950018124,09168730,2000-10-01,2023-12-31,3230,171.0,6-19
09169500,22.181818181818183,11.653061224489797,69.22727272727273,13.512820512820513,0.0054168629298162975,18.863236319999963,0.2349020144,3.8523576554988224,212.56521739130434,0.33991345168603393,1.4221996644678743,1.5126132396576517,2.886839159964714,09169500,2000-10-01,2023-12-31,0,159.0,6-7
09171100,21.636363636363637,12.195652173913043,76.31818181818181,16.631067961165048,0.0,20.3031456,0.25895713600000003,3.9529226311831342,214.2173913043478,0.3422167436566077,1.3782934343145057,1.539116316084533,3.0060807153859908,09171100,2000-10-01,2023-12-31,1,161.0,6-9
09172500,13.136363636363637,8.18421052631579,10.363636363636363,4.016949152542373,0.0,21.7189856,1.27991936,5.765777650758361,242.47826086956522,0.4451936185415078,2.438600737142563,1.5378768584700107,3.176660231851838,09172500,2000-10-01,2023-12-31,0,163.0,6-11
09174600,22.772727272727273,9.046153846153846,72.0909090909091,9.35195530726257,0.0,24.164141279999985,0.1808169264,5.7761363243372585,223.04347826086956,0.3760708214969031,2.129677438581223,1.8056417196728904,3.6686104590204294,09174600,2000-10-01,2023-12-31,0,147.0,5-26
09177000,18.90909090909091,7.615384615384615,49.09090909090909,7.915492957746479,0.0,29.166304,0.907695024,7.4059091814677345,222.2608695652174,0.41336183102137064,2.2103929804903197,1.814829786027467,5.5164238080320755,09177000,2000-10-01,2023-12-31,0,147.0,5-26
09180000,21.181818181818183,16.08823529411765,42.95454545454545,8.594594594594595,0.0,53.518752,1.65936448,12.27873625127838,217.43478260869566,0.39968513810667133,1.798326724797336,1.8832605639818283,9.473808999700594,09180000,2000-10-01,2023-12-31,0,148.0,5-27
09180500,2.590909090909091,8.0,0.0,,0.0,499.64993599999946,59.46528,155.42375263683465,223.82608695652175,0.602059478392622,1.0126225166392049,1.7532628143776192,114.41554567219758,09180500,2000-10-01,2023-12-31,0,162.0,6-10
09182200,,,,,0.0,0.1326642079999999,0.033980159999999995,0.05690276518681319,,0.5693249962464301,0.5524894471375147,,0.033918459284856484,09182200,2000-10-01,2001-09-29,0,,
09182400,0.0,,0.0,,0.0,0.20671264,0.09231276799999999,0.14617557395221842,162.9375,0.8191371663143806,0.789169970011822,0.18333362131641226,0.11495855327974498,09182400,2000-10-01,2016-10-16,0,174.0,6-22
09183500,4.136363636363637,10.23076923076923,0.0,,0.0,0.7362368,0.095710784,0.2598493552859162,218.47826086956522,0.6038347628186264,1.0683541418082667,1.3802374542436102,0.15639058653449123,09183500,2000-10-01,2023-12-31,0,162.0,6-10
09210500,12.318181818181818,9.67741935483871,2.5,2.75,0.0,7.0792,0.48138559999999997,1.8913201533678756,228.34782608695653,0.4756858643122297,1.6797294852726454,1.6716740864646054,1.2286406968694068,09210500,2000-10-01,2023-12-31,0,150.0,5-29
09216050,2.8,4.666666666666667,0.2,1.0,0.0,2.0954432,0.283168,0.9144170036297309,200.66666666666666,0.6274634956266681,1.0299024872027538,-0.5332432783473041,1.409027982582863,09216050,2000-10-01,2006-10-02,0,,
09217900,37.5,15.803571428571429,122.13636363636364,18.31788079470199,0.0,19.664601759999996,0.44457376,4.084539443116345,245.52173913043478,0.30375260786530334,2.8740060687816174,1.3994870067796046,1.8961690059253196,09217900,2000-10-01,2023-12-31,0,159.0,6-7
09223000,45.59090909090909,19.272727272727273,132.77272727272728,17.99418604651163,0.0,11.043552,0.2264069744,2.2734258254620814,234.17391304347825,0.2859303738531433,2.4552189063506207,2.2638561049592365,1.2119072383475693,09223000,2000-10-01,2023-12-31,0,148.0,5-27
09224700,32.59090909090909,17.6,137.54545454545453,24.49230769230769,0.014484220442769665,30.582144,0.141584,6.150748514845031,215.91304347826087,0.3311911879190622,3.487178066691601,2.4754424988294557,6.418957298888877,09224700,2000-10-01,2023-12-31,0,138.0,5-17
09237450,1.0909090909090908,4.0,4.136363636363637,5.055555555555555,0.0,4.5873216,0.5521776,1.782436888851625,208.47826086956522,0.642946091770616,1.4004239071918456,0.9993807374982715,1.029746711884946,09237450,2000-10-01,2023-12-31,0,161.0,6-9
09238900,56.13636363636363,27.638297872340427,216.72727272727272,33.96,0.0,11.4116704,0.081835552,1.7560579156476683,244.7391304347826,0.18578276494341722,2.6356687487787016,1.485863467969514,0.545480452071286,09238900,2000-10-01,2023-12-31,0,156.0,6-4
09239500,40.72727272727273,19.428571428571427,60.86363636363637,13.443396226415095,0.0,59.182112,1.844981104,11.68440833420631,234.0,0.32743451271901985,1.7712525394687524,1.656881212665638,5.899521688478482,09239500,2000-10-01,2023-12-31,0,148.0,5-27
09242500,60.09090909090909,25.833333333333332,160.6818181818182,32.601694915254235,0.0,80.419712,1.3252262399999999,16.074149554898312,236.7391304347826,0.2654296022920731,4.368955222066676,1.9933307562751235,6.750331003556972,09242500,2000-10-01,2023-12-31,664,148.0,5-27
09243700,,33.0,,30.666666666666668,0.04632152588555858,0.24182547199999993,0.000283168,0.04670034432697548,212.0,0.1854006994253057,3.5716781027584092,0.9999999999999591,0.04056334064381182,09243700,2000-10-01,2001-10-02,0,,
09243800,,90.0,,45.8,0.17582417582417584,0.05946528,0.0,0.014674170285714284,,0.1778299393253389,6.658208733505841,,0.012661710601326103,09243800,2000-10-01,2001-09-29,0,,
09243900,,52.0,,12.222222222222221,0.15384615384615385,0.1411592479999999,0.0,0.031999539868131865,,0.2293890115337662,2.7766359060816477,,0.028135019508290844,09243900,2000-10-01,2001-09-29,0,,
09246200,76.18181818181819,35.795918367346935,260.54545454545456,129.70212765957447,0.040390956194065006,16.747971359999994,0.005819102400000003,2.7873588727574186,216.3913043478261,0.13779967523641087,3.0573096194426914,1.6474735169402677,1.482964293236268,09246200,2000-10-01,2023-12-31,0,127.0,5-6
09246400,78.0,41.53333333333333,230.85714285714286,67.0,0.0,15.408586719999976,0.029449472,2.498124647369014,214.28571428571428,0.1453588421530029,6.389178680257731,1.2851364996461103,1.4002523117018228,09246400,2000-10-01,2008-07-10,0,126.0,5-5
09249750,,39.0,,2.5,0.0,20.999738879999967,0.91038512,4.145377257142857,,0.2640244181288964,1.0299024945443334,,2.7047516684436084,09249750,2000-10-01,2001-09-29,0,,
09251000,53.81818181818182,24.23076923076923,146.72727272727272,26.93846153846154,0.0,195.952256,2.81185824,39.58199931779557,229.65217391304347,0.2813693179850402,2.577982694161406,1.136148428797798,23.880341966372765,09251000,2000-10-01,2023-12-31,0,143.0,5-22
09251100,32.0,13.6,110.5,11.56,0.004570383912248629,137.8603407999997,1.006095904,28.175001423882996,220.0,0.26288081717147826,1.7735097510229987,0.6159094878448887,20.210535172377902,09251100,2000-10-01,2003-09-29,0,,
09255000,45.04545454545455,18.084745762711865,128.3181818181818,15.235897435897435,0.0023551577955723034,11.5249376,0.0926242528,2.150089822281677,223.2608695652174,0.2593991168613505,1.690027877577557,1.9306515539347209,1.095380116546724,09255000,2000-10-01,2023-12-31,0,138.0,5-17
09261700,20.227272727272727,14.0,0.18181818181818182,2.0,0.0,4.389104,0.273823456,0.9736054437644842,228.82608695652175,0.46473585179363835,1.6120437489010966,1.1065049468881372,0.670113634236359,09261700,2000-10-01,2023-12-31,0,149.0,5-28
09266500,24.681818181818183,12.375,71.0909090909091,15.96938775510204,0.0,9.25676191999999,0.29166304000000004,2.216372775359397,237.2608695652174,0.37659748251490277,3.1200588063844066,1.189753614826323,1.2552712219253965,09266500,2000-10-01,2023-12-31,0,156.0,6-4
09271550,1.4090909090909092,15.5,15.0,34.7,0.007183231276495525,0.70792,0.0,1.0102397122633744,166.5,0.1726553263730071,,,0.7783099210879766,09271550,2000-10-01,2023-12-31,7763,,
09276600,1.0,2.0,0.0,,0.0,1.2176224,0.2372664672,0.5435831664789762,215.0,0.6064098389468051,1.056878049224367,-2.5256738490249786,0.35328556656659416,09276600,2000-10-01,2003-09-29,0,,
09277500,7.0,8.4,0.9545454545454546,3.0,0.0,8.49504,1.15815712,3.4295016006406027,201.52173913043478,0.586162395784364,0.7908949628799709,1.89099961279653,2.0208022438778466,09277500,2000-10-01,2023-12-31,0,160.0,6-8
09279000,9.681818181818182,14.823529411764707,0.0,,0.0,6.582240159999995,0.9967513600000001,2.2450564066321244,231.30434782608697,0.5788449018631667,0.6964235711463058,1.9984897575662837,0.9955185078494989,09279000,2000-10-01,2023-12-31,0,185.0,7-3
09279150,0.0,,0.0,,0.0,5.230112959999995,2.2370272,3.6476516285191956,165.5,0.7662461385243201,0.7090714141468903,4.458299029949028,2.459900620897693,09279150,2000-10-01,2003-09-29,0,,
09288000,2.227272727272727,12.25,0.0,,0.0,1.68768128,0.6682764800000001,1.0981189927089523,207.71428571428572,0.7722956646904108,0.777179018834664,,0.6890693995247509,09288000,2000-10-01,2023-12-31,751,169.0,6-17
09288180,3.772727272727273,14.0,0.0,,0.0,10.278998399999999,1.516506224,3.3499744747244464,207.91304347826087,0.6792143023962112,0.6704463686663775,1.150252940666487,2.396286559001025,09288180,2000-10-01,2023-12-31,0,164.0,6-12
09289500,20.136363636363637,12.125,16.954545454545453,6.431034482758621,0.0,12.019065759999995,0.5946528,2.876747794441828,244.7391304347826,0.3960280973815454,1.901821508148171,1.6248327795802822,1.2830927022296899,09289500,2000-10-01,2023-12-31,0,162.0,6-10
09291000,134.04545454545453,50.65573770491803,211.95454545454547,85.55172413793103,0.17192651907677814,11.2134528,0.0,3.1892121783250116,265.5217391304348,0.2513624180811581,9.760763728555292,1.327191839093821,1.5041661431981845,09291000,2000-10-01,2023-12-31,0,176.0,6-24
09292000,15.818181818181818,11.705882352941176,12.181818181818182,7.0,0.0,10.26484,0.566336,2.629736361335061,243.95652173913044,0.4101828624400737,1.708895286264403,1.2641375878386658,1.2937428749127564,09292000,2000-10-01,2023-12-31,1,166.0,6-14
09292500,9.090909090909092,8.518518518518519,0.0,,0.0,11.8647392,1.132672,3.662360930720678,242.7826086956522,0.5102090510815643,1.6698726308160645,1.793099729135505,1.8755828962674583,09292500,2000-10-01,2023-12-31,0,171.0,6-19
09295000,25.318181818181817,18.176470588235293,92.13636363636364,7.663003663003663,0.0,21.209283199999998,0.576388464,5.7951539632444655,185.08695652173913,0.41292158223144615,2.9193404085747803,3.214911849155308,4.1556381178631305,09295000,2000-10-01,2023-12-31,0,154.0,6-2
09295100,26.59090909090909,18.485714285714284,109.45454545454545,9.283582089552239,0.0,21.3225504,0.31021054400000003,5.63623899458879,174.08695652173913,0.4052557906862814,3.28975795468672,3.1633928919414265,4.094814912965272,09295100,2000-10-01,2023-12-31,0,150.0,5-29
09296800,17.045454545454547,12.9375,37.13636363636363,14.607142857142858,0.0,13.6770144,0.630190384,3.7851802156570886,247.47826086956522,0.4091248311036498,2.71264788859809,2.037853621889438,1.9752738813123019,09296800,2000-10-01,2023-12-31,0,171.0,6-19
09299500,10.227272727272727,11.521739130434783,11.363636363636363,4.545454545454546,0.0,9.08686111999999,0.5946528,2.85769230865756,245.43478260869566,0.4520854319435356,2.824016483437251,2.1403173297807427,1.4465414487600678,09299500,2000-10-01,2023-12-31,0,174.0,6-22
09301500,17.90909090909091,10.902439024390244,128.6818181818182,11.92436974789916,0.0,8.070288,0.1805196,2.5748761046868447,207.17391304347825,0.36111470093358133,3.039757365725857,2.898286169990964,2.22686946301633,09301500,2000-10-01,2023-12-31,1,163.0,6-11
09302000,22.545454545454547,16.11764705882353,98.9090909090909,9.377682403433477,0.0,28.883136,0.7362368,8.29693664088177,185.47826086956522,0.42732282532384086,3.1923995454706358,3.11633559899514,6.355514927308357,09302000,2000-10-01,2023-12-31,0,157.0,6-5
09303000,,,,,0.0,22.191876159999996,4.1625696,7.292509520879121,,0.511345437111395,0.37713386128622906,,3.649870435981793,09303000,2000-10-01,2001-09-29,0,,
09304200,3.909090909090909,6.8,23.181818181818183,18.88888888888889,0.0,49.5544,2.288280608,13.897994178912858,219.69565217391303,0.53167849760892,0.7652297429715845,0.8751534900135218,7.088083856305028,09304200,2000-10-01,2023-12-31,0,150.0,5-29
09304500,3.5,6.461538461538462,2.6818181818181817,4.538461538461538,0.0,52.952416,4.74447984,15.285717083711727,223.2608695652174,0.5667247141609535,0.8336463332175973,0.9512206660756855,8.176976662568917,09304500,2000-10-01,2023-12-31,0,153.0,6-1
09304800,2.090909090909091,5.444444444444445,1.3181818181818181,7.25,0.0,53.518752,6.0597952,16.415755474592558,222.91304347826087,0.5923369115553001,0.8423980350289488,0.8462249219831072,9.752896019676115,09304800,2000-10-01,2023-12-31,0,156.0,6-4
09306200,1.9545454545454546,13.4,23.954545454545453,6.211764705882353,0.0,0.8790950559999995,0.072774176,0.4050031994422986,165.65217391304347,0.6031532435178473,2.069325732134435,0.764990465889399,0.3464103866225663,09306200,2000-10-01,2023-12-31,0,145.0,5-24
09306222,1.4545454545454546,7.428571428571429,61.81818181818182,13.465346534653465,0.0,1.1481046559999994,0.042192032,0.49427041090532264,153.91304347826087,0.5668468440996655,2.8032703364591733,0.9320482185068182,0.4299178735508873,09306222,2000-10-01,2023-12-31,0,136.0,5-15
09306242,10.772727272727273,17.555555555555557,55.86363636363637,17.445945945945947,0.0,0.06129171359999995,0.00283168,0.01852479587376354,200.8695652173913,0.47712775664548795,2.2351457746315675,2.8125873969008075,0.015633519811272485,09306242,2000-10-01,2023-12-31,0,171.0,6-19
09306255,1.1818181818181819,1.6363636363636365,20.90909090909091,8.05084745762712,0.0,0.09640454559999995,0.007928704,0.041405783969853976,163.52173913043478,0.6620107190746618,1.7211632047580179,-0.7744748719218676,0.04061573739819904,09306255,2000-10-01,2023-12-31,0,133.0,5-12
09306290,1.9090909090909092,7.0,4.181818181818182,5.111111111111111,0.0,53.518752,5.5784096,16.66914381776731,219.65217391304347,0.6012615941244385,0.7898004848548782,0.9542232166814679,12.745720445292708,09306290,2000-10-01,2023-12-31,0,155.0,6-3
09310000,37.0,14.75,150.5,27.0,0.0,1.7655524799999973,0.012459392,0.3258883189177331,220.5,0.20748555029834398,2.1928185172058536,-0.21050776151999484,0.21493573698772728,09310000,2000-10-01,2003-09-29,0,,
09310500,37.36363636363637,24.47222222222222,142.95454545454547,18.816568047337277,0.0,5.6067264,0.11043552,1.0891964420160152,225.43478260869566,0.2593675844231391,1.9857606506626433,2.299326841204857,0.6189528765989682,09310500,2000-10-01,2023-12-31,0,138.0,5-17
09310700,3.4545454545454546,9.3,1.6363636363636365,5.142857142857143,0.0,1.3167312,0.23446310399999998,0.5450676890098917,211.91304347826087,0.6566540883482818,0.9581734389333636,0.8146251427560193,0.32715659123428487,09310700,2000-10-01,2023-12-31,0,156.0,6-4
09312600,34.59090909090909,27.633333333333333,163.6818181818182,27.255474452554743,0.028850682995760716,2.1955430879999986,0.011609887999999999,0.5264047436985397,210.34782608695653,0.2434999499799934,2.4145445081057457,3.7205817326589945,0.35228042393948766,09312600,2000-10-01,2023-12-31,0,127.0,5-6
09313000,0.0,,105.0,19.75,0.0,4.9837568,0.18972256,1.9533984696160875,255.5,0.42016035997890866,5.293663296108755,1.200452489187944,1.6175527557623122,09313000,2000-10-01,2003-09-29,0,,
09314500,17.954545454545453,5.125,64.86363636363636,8.101694915254237,0.004474799811587376,8.211872,0.15291072,1.9464279406801699,219.43478260869566,0.40228508379220584,1.9594762341853713,1.886313054505431,1.9799240790451005,09314500,2000-10-01,2023-12-31,0,185.0,7-3
09326500,39.22727272727273,20.6,119.63636363636364,18.60927152317881,0.0,7.6738528,0.16423743999999998,1.572668488663212,239.69565217391303,0.2897875664354069,2.5789399765285284,1.9249272216421456,0.9959788900263624,09326500,2000-10-01,2023-12-31,0,152.0,5-31
09328500,24.045454545454547,7.37037037037037,111.0909090909091,13.53225806451613,0.041568535091851155,8.2401888,0.004686430400000003,1.898132858000942,209.04347826086956,0.30454779495237383,2.199809064338282,2.5892905671291913,1.9414089050682948,09328500,2000-10-01,2023-12-31,0,180.0,6-28
09330500,17.318181818181817,17.0,53.63636363636363,11.88679245283019,0.0,3.5523425599999947,0.133372128,0.9392158372416393,245.1304347826087,0.4095482467040099,3.1843728187058953,1.2415327028657261,0.5883677164359588,09330500,2000-10-01,2023-12-31,0,165.0,6-13
09339900,30.5,12.857142857142858,79.5,12.176470588235293,0.0,7.099021759999995,0.18819345280000002,1.455634422142596,222.5,0.335646492915291,2.876001626242593,1.9127541936144912,0.626269381506956,09339900,2000-10-01,2003-09-29,0,,
09342500,36.40909090909091,12.652173913043478,101.36363636363636,13.539325842696629,0.0,41.908864,1.07887008,9.30445338667169,227.91304347826087,0.3364746296483439,3.0650804188766028,1.8457210351133204,3.8741720208019244,09342500,2000-10-01,2023-12-31,0,145.0,5-24
09346400,15.181818181818182,6.684210526315789,35.77272727272727,8.616161616161616,0.0,50.403904,2.037535344,13.03127941994159,222.6086956521739,0.4197738724648078,2.600233312845839,1.5742207382164641,7.762895781522058,09346400,2000-10-01,2023-12-31,0,144.0,5-23
09349800,32.77272727272727,11.893939393939394,89.63636363636364,17.21951219512195,0.0,39.20460959999995,0.9627711999999999,9.092036138577484,219.43478260869566,0.3653607216081812,3.0974506972231755,1.9415920781281697,5.413480463974696,09349800,2000-10-01,2023-12-31,0,143.0,5-22
09353800,53.59090909090909,19.615384615384617,190.22727272727272,28.416666666666668,0.0,17.3298816,0.026617791999999998,2.909752271954781,176.82608695652175,0.27598547125983175,4.9290909456290235,3.639813076659897,1.439265160965956,09353800,2000-10-01,2023-12-31,0,142.0,5-21
09354500,10.136363636363637,6.4186046511627906,68.95454545454545,19.457831325301203,0.0,20.4730464,0.48577470400000006,4.8693088107809706,212.34782608695653,0.47119553578423523,2.5865223873213163,1.8895208219341708,2.8175749921882485,09354500,2000-10-01,2023-12-31,0,166.0,6-14
09355000,4.7,1.6129032258064515,120.8,18.36986301369863,0.000249003984063745,2.1421659199999996,0.023432151999999998,0.7899703958486055,272.2,0.4056414741615313,6.080854950820291,1.0060823727247359,0.7472887548038085,09355000,2000-10-01,2011-09-29,0,200.0,7-18
09355500,5.090909090909091,7.125,0.0,,0.0,57.63884639999979,7.6172192,19.536520771166078,227.1304347826087,0.6315180758852745,0.9533681336178056,0.8829346346104548,13.039279855409838,09355500,2000-10-01,2023-12-31,2,180.0,6-28
09358000,28.727272727272727,14.020408163265307,61.27272727272727,42.794117647058826,0.0,14.2433504,0.491438064,3.1973798678473857,245.8695652173913,0.366360846558101,2.717412512290947,1.4599846720503638,1.1662926566737648,09358000,2000-10-01,2023-12-31,0,162.0,6-10
09358550,15.045454545454545,8.439024390243903,0.0,,0.0,3.8794016,0.3114848,0.9910369150522845,237.08695652173913,0.4696646888602872,1.4136393620843528,1.233887727958252,0.3532067794569333,09358550,2000-10-01,2023-12-31,0,157.0,6-5
09359020,22.227272727272727,10.5,25.227272727272727,11.25925925925926,0.0,30.42640159999995,1.3211203040000001,7.022764137428167,244.52173913043478,0.39920489306970686,2.5474342879062806,1.576288866917759,2.6925830684802894,09359020,2000-10-01,2023-12-31,0,162.0,6-10
09361500,17.636363636363637,8.074074074074074,18.863636363636363,5.8933333333333335,0.0,76.45536,3.822768,19.230491077607162,236.52173913043478,0.4248987341404303,2.408878406076752,1.8826202730648829,8.51002803493085,09361500,2000-10-01,2023-12-31,0,156.0,6-4
09362550,2.0,2.0,0.0,3.6666666666666665,0.0,0.04530688,0.008778208,0.02260410894924554,218.0,0.6553088244700574,1.1582062198084273,0.843706157923389,0.020060284679347014,09362550,2000-10-01,2002-09-29,0,,
09363500,11.5,6.833333333333333,10.954545454545455,5.48,0.0,81.79307679999984,4.7289056,21.771325101637366,233.54545454545453,0.4426164137088367,2.714771743402755,,11.198958121871025,09363500,2000-10-01,2023-12-31,528,156.0,6-4
09364500,14.0,8.093023255813954,28.045454545454547,10.40983606557377,0.0,75.7191231999999,2.7042544,19.196210985800075,218.95454545454547,0.4299535624361116,2.4845420770793245,,11.232206888674588,09364500,2000-10-01,2023-12-31,639,157.0,6-5
09365000,4.7727272727272725,8.571428571428571,0.18181818181818182,1.3333333333333333,0.0,129.40777599999998,15.007904,37.561532125749835,228.22727272727272,0.5794763691587475,1.170325125301851,,29.57909822052879,09365000,2000-10-01,2023-12-31,457,163.0,6-11
09367500,63.40909090909091,8.360655737704919,183.5,20.285714285714285,0.0365049458313707,0.849928751999999,0.000283168,0.2153276293075435,211.47619047619048,0.20783222582984812,8.64149118707794,,0.21363572485091942,09367500,2000-10-01,2023-12-31,1254,139.0,5-18
09368000,6.909090909090909,7.608695652173913,0.2727272727272727,1.2,0.0,125.160256,12.459392,35.09021791204805,223.91304347826087,0.5575154463038796,1.1336188734386003,1.849241599157847,35.16612746788259,09368000,2000-10-01,2023-12-31,1,164.0,6-12
09371010,5.363636363636363,6.666666666666667,0.13636363636363635,1.5,0.0,133.28717759999995,13.1106784,36.857010503414394,225.69565217391303,0.5571899161606078,1.2211906629977118,1.6052274787697016,37.9851125932748,09371010,2000-10-01,2023-12-31,145,166.0,6-14
09371492,5.0,1.9,112.04545454545455,13.540816326530612,0.0,0.5097024,0.016140575999999997,0.1860087976749882,275.04347826086956,0.42027864647618635,5.893624998732143,0.6069376569091266,0.21399386358217512,09371492,2000-10-01,2023-12-31,0,207.0,7-25
09371520,0.8636363636363636,1.2941176470588236,7.0,4.4,0.0,2.9166304,0.2796425584,1.1575200920357982,233.1304347826087,0.5955678953914345,1.9732817386173818,0.977737299066583,1.25179477081398,09371520,2000-10-01,2023-12-31,0,209.0,7-27
09372000,1.7272727272727273,1.5862068965517242,43.5,10.351063829787234,0.0,2.9449472,0.101374144,1.04122094468041,200.95652173913044,0.5496833304788015,2.0099824492544203,1.3174992130950975,1.1610589832864362,09372000,2000-10-01,2023-12-31,3,216.0,8-3
09379050,52.166666666666664,4.171052631578948,191.16666666666666,10.813084112149532,0.023174464363795364,0.3352709119999989,0.000283168,0.07450500480279842,212.0,0.2176355808445321,9.177322713342301,2.3579926607913304,0.0939467908474746,09379050,2000-10-01,2007-01-04,0,180.0,6-28
09379500,4.045454545454546,5.947368421052632,0.22727272727272727,1.25,0.0,133.21638559999994,13.2805792,37.83786050080075,225.69565217391303,0.5741851271963759,1.3142118021299354,1.8983005808103575,44.06655586984123,09379500,2000-10-01,2023-12-31,0,172.0,6-20
09386900,43.72727272727273,7.683098591549296,312.1363636363636,45.802547770700635,0.198893075836081,0.13066787359999996,0.0,0.04526022997268017,198.95652173913044,0.06296049395499285,3.6483774675349245,2.8669503866355157,0.04010899033422248,09386900,2000-10-01,2023-12-31,0,122.0,5-1
09400568,24.15,3.8384615384615386,336.75,52.39230769230769,0.12193844138834316,0.1016006783999998,0.0,0.13557035901531728,256.7,0.027796359798953896,2.6887885678410157,2.529921469558375,0.24369899460203193,09400568,2000-10-01,2021-08-26,323,201.0,7-19
09401110,25.2,3.3815789473684212,328.45,39.11764705882353,0.0,0.23548250879999957,0.003398016,0.11998058969803062,264.8,0.06953022229826133,1.3576489941497492,2.431423983489693,0.20166947497951798,09401110,2000-10-01,2021-02-11,127,212.0,7-30
10011500,32.86363636363637,14.79245283018868,52.68181818181818,8.46376811594203,0.0,23.940438559999997,0.849504,5.110070668827131,241.34782608695653,0.3427306848239452,2.350085712191837,1.8100699835201568,2.3012220755892585,10011500,2000-10-01,2023-12-31,0,156.0,6-4
10020300,63.59090909090909,38.61538461538461,224.95454545454547,116.86363636363636,0.0,27.6655136,0.30015808,4.674276017149317,243.47826086956522,0.22328502785773363,2.8677062567672493,1.5794366854083517,3.314073613653367,10020300,2000-10-01,2023-12-31,0,155.0,6-3
10023000,4.363636363636363,16.714285714285715,18.636363636363637,12.424242424242424,0.0034149788035798398,1.0222364800000001,0.062296960000000005,0.30658127857936884,201.95652173913044,0.6493139677132024,1.6058582269959365,1.8610592142975568,0.1818849332180767,10023000,2000-10-01,2023-12-31,0,159.0,6-7
10128500,22.272727272727273,14.64864864864865,5.454545454545454,4.481481481481482,0.0,22.411331359999995,1.1893056,5.261853651926518,239.1304347826087,0.39685176281827866,2.1255938800225005,1.3394181116813337,2.3958473274744985,10128500,2000-10-01,2023-12-31,0,154.0,6-2
10129500,4.909090909090909,7.333333333333333,84.86363636363636,37.13461538461539,0.0,10.801443359999995,0.69092992,3.942019508186528,255.65217391304347,0.5088600464851539,3.288315356687736,1.5306444358664595,2.1730482081305857,10129500,2000-10-01,2023-12-31,0,188.0,7-6
10130500,4.409090909090909,5.764705882352941,13.363636363636363,7.894736842105263,0.0,11.622630559999996,0.92312768,4.41200086044277,246.2608695652174,0.5479675279410535,2.7270957304264694,1.7812940997895421,2.471065878243031,10130500,2000-10-01,2023-12-31,0,186.0,7-4
10131000,24.727272727272727,13.659090909090908,59.09090909090909,7.488505747126437,0.0,7.220784,0.1412017232,1.6340271795647672,219.52173913043478,0.3643711280575578,1.9036647523015642,2.57296347040883,1.1022328841787146,10131000,2000-10-01,2023-12-31,0,140.0,5-19
10132000,18.59090909090909,12.18918918918919,180.77272727272728,110.70270270270271,0.0,18.135494559999994,0.015007904,5.939010009642958,278.1304347826087,0.32174694673845317,16.74693930510907,1.7377239607689468,3.615064445004442,10132000,2000-10-01,2023-12-31,0,192.0,7-10
10132500,10.272727272727273,17.125,1.5,6.6,0.0,1.7229356959999995,0.15998992,0.6812606597983984,265.7391304347826,0.48565969805752807,3.3401008058044748,1.0653422421007939,0.39141495372651186,10132500,2000-10-01,2023-12-31,0,190.0,7-8
10134500,92.18181818181819,46.744680851063826,185.5,123.17142857142858,0.0,4.5590048,0.139035488,1.4187959911521433,278.5217391304348,0.3841867539845327,6.583430074470947,1.0749389672106353,0.7884488277201348,10134500,2000-10-01,2023-12-31,0,196.0,7-14
10137500,9.090909090909092,9.52,0.45454545454545453,3.3333333333333335,0.0,10.5621664,0.70792,2.8154798693546863,218.6086956521739,0.47327089791687066,1.9281342863286755,1.516953361556348,1.402325478025985,10137500,2000-10-01,2023-12-31,0,139.0,5-18
10149000,0.0,,5.181818181818182,51.25,0.0,1.72449312,0.57483104,0.9396843019667228,202.30434782608697,0.8198748206799225,0.7985999103022479,0.41093109061999733,0.5819112794854484,10149000,2000-10-01,2023-12-31,198,173.0,6-21
10149500,,44.333333333333336,,102.0,0.0,12.317808,0.283168,3.5355914252896725,279.0,0.3485167008732968,8.174972139721074,6.3031305617147755,2.7062284136046633,10149500,2000-10-01,2001-11-08,7,,
10150500,0.2727272727272727,5.2,0.7727272727272727,2.4285714285714284,0.0,14.8096864,1.8519187200000002,6.6124419678944895,249.65217391304347,0.5966004103515896,2.4797282480890694,1.0096556260973601,4.439110316827924,10150500,2000-10-01,2023-12-31,0,179.0,6-27
10154200,32.45454545454545,15.4,21.863636363636363,6.10126582278481,0.0,26.857068959999996,1.100249264,5.64657332612341,233.95652173913044,0.35107270957741593,1.3534317088783299,1.4141161403719735,2.6459644006166023,10154200,2000-10-01,2023-12-31,0,148.0,5-27
10155000,34.90909090909091,15.98076923076923,65.9090909090909,12.747826086956522,0.0,38.510848,0.90047424,7.563306940514366,231.04347826086956,0.3244917949883637,1.5903389809385433,1.4837642290008668,3.873770825476428,10155000,2000-10-01,2023-12-31,0,146.0,5-25
10155300,1.25,2.5,0.0,,0.0,4.8860638399999985,3.2847488,4.328900767030302,205.75,0.8034010938598766,0.22291686965402077,0.029829198292676537,2.4307368392420403,10155300,2000-10-01,2005-04-07,0,,
10155400,0.0,,0.0,,0.0,1.2036055839999993,0.20688254080000001,0.5470367483047159,242.25,0.6321572509577483,1.453251727009846,0.10662520836497426,0.30699005599322327,10155400,2000-10-01,2005-04-11,0,,
10155500,2.227272727272727,5.384615384615385,0.0,,0.0,18.7457216,4.105936,7.557524504569006,231.1304347826087,0.6726719484195783,0.8020986476646702,1.0024648709410888,4.127910268483327,10155500,2000-10-01,2023-12-31,0,182.0,6-30
10156000,0.0,,0.0,,0.0,1.7811267199999998,0.73906848,1.1947498816015074,176.04347826086956,0.8486689332057082,0.5293209522742562,0.5936836925225634,0.5523829342163614,10156000,2000-10-01,2023-12-31,0,174.0,6-22
10163000,10.5,15.11111111111111,36.40909090909091,10.824324324324325,0.0,14.709161759999995,0.52669248,4.427922791532736,188.8695652173913,0.49865966737062967,2.4433025250496163,2.4889966752754744,2.498693605565456,10163000,2000-10-01,2023-12-31,0,137.0,5-16
10164500,11.772727272727273,21.2,31.59090909090909,13.660377358490566,0.0,4.8421728,0.23191459199999997,1.3059720506160075,242.38888888888889,0.4230584712779814,5.067080272055989,,0.5165393327365001,10164500,2000-10-01,2023-12-31,2070,159.0,6-7
10205030,6.7272727272727275,8.238095238095237,1.7272727272727273,5.428571428571429,0.0,1.1156819199999999,0.1132672,0.35083168051248237,224.1304347826087,0.5644490686818114,1.387961871516525,1.495791280836331,0.19767185655543312,10205030,2000-10-01,2023-12-31,0,154.0,6-2
10215900,34.59090909090909,25.4375,83.04545454545455,14.833333333333334,0.0,2.771931551999999,0.086083072,0.5979845923014601,241.0,0.3232931593354107,2.5762148149202666,1.1565441104087784,0.3252520428623574,10215900,2000-10-01,2023-12-31,0,154.0,6-2
