date,Q_cfs,00060_Mean_cd,dayl,prcp,srad_x,swe,tmax,tmin,vp,eto,gage,pr,srad_y,tmmn,tmmx,vpd
2000-10-01 00:00:00+00:00,0.02,A,41317.26562537465,0.0,375.2781443874654,0.0,22.455622760622127,3.350740462640199,721.7182006455398,5.1329394179347725,09243800,0.0,197.33692166955072,3.8624293724442964,21.526532897705636,1.110727847995152
2000-10-02 00:00:00+00:00,0.01,A,41154.85762598315,0.0,377.9272224755944,0.0,22.7362246586318,3.064910560344643,705.680659803416,4.931040254644691,09243800,0.0,195.76128425740325,4.622449052625882,21.1509059548506,1.1260472019386494
2000-10-03 00:00:00+00:00,0.0,A,40992.79006945858,0.0,341.901363603137,0.0,19.553271323598253,2.9139840277794886,735.0457657589955,3.77737475823734,09243800,0.2396013530326315,160.5431507545284,2.49508701157896,18.887613051133087,0.8816740942823366
2000-10-04 00:00:00+00:00,0.0,A,40831.09340697836,0.0,343.208254357824,0.0,18.01842810270523,1.292165847557819,659.5305517620276,3.675613501058601,09243800,0.5645399542963796,175.52259115213027,0.7325650362415104,18.267400382451342,0.828347509534468
2000-10-05 00:00:00+00:00,0.0,A,40669.79598082073,0.0,367.6082928268624,0.0,16.24430643777516,-2.5210804979633425,497.1227710327419,3.2017024468563107,09243800,0.0,195.47837540745363,-3.223710190729321,13.824664107171486,0.6497846053074153
2000-10-06 00:00:00+00:00,0.01,A,40508.93916209053,0.0,378.8529153459506,0.0,15.489077374858644,-4.624817981827909,424.5890244896544,3.2409342276339084,09243800,0.0,192.99085575729396,-6.064443281131105,14.34095836919721,0.7440728410697591
2000-10-07 00:00:00+00:00,0.02,A,40348.55440049336,0.0,381.4867696617094,0.0,15.631161099377586,-5.024367214318322,404.1308432212178,2.5362254375149518,09243800,0.0,192.0597507113212,-5.325119542212235,14.429610448802862,0.7437528252077937
2000-10-08 00:00:00+00:00,0.03,A,40188.6548127188,0.0,397.30497899109656,0.0,18.003462633145087,-5.4674347218926975,374.666134189984,2.98090695596922,09243800,0.5546709635910897,192.5714497266613,-5.596206451350952,17.682225119090162,0.942326126526942
2000-10-09 00:00:00+00:00,0.01,A,40029.27906185552,0.0,369.3081882179145,0.0,18.26950510420288,-2.298730964838105,486.5370727498079,3.0085348423423617,09243800,0.0,184.29121771153297,-2.175317077311661,17.666491223498838,0.8281521881286835
2000-10-10 00:00:00+00:00,0.0,A,39870.47362349226,0.0,360.4217252661343,0.0,19.011048950100896,-1.0169545761870338,536.809284596779,3.06305763523736,09243800,0.0,172.18260153160057,-1.316286732568983,16.285686119575246,0.6452651335138736
2000-10-11 00:00:00+00:00,0.0,A,39712.26544196768,0.0,349.15473892397034,0.0,18.557344607704053,-0.6413567712293138,559.1446421208249,3.372323915711479,09243800,0.8787954663530516,170.75699750049174,-1.9555502167397094,16.41033416601806,0.6569618910067061
2000-10-12 00:00:00+00:00,0.0,A,39554.67875360442,0.0,285.683031489492,0.0,12.319019699627228,-1.5957234751137086,543.378559405452,2.646550328205951,09243800,0.0380415746226065,165.7797376076128,-2.3881143051975755,12.579149201934513,0.5162798091213797
2000-10-13 00:00:00+00:00,0.02,A,39397.76334112421,0.0,280.25447255444163,0.0,10.308757298810605,-3.17796506119497,483.1634601704432,2.1843005396084543,09243800,0.3409577424105363,164.91050079556953,-5.518060169890191,9.17012779593341,0.3779819838095682
2000-10-14 00:00:00+00:00,0.04,A,39241.54774651094,0.0,253.8549481414271,0.0,9.18470827627911,-2.615085612623577,503.9663748832392,1.6469475445481407,09243800,0.0,128.75625454300388,-7.339880226874698,7.690604178821786,0.27014791395781
2000-10-15 00:00:00+00:00,0.02,A,39086.07003373638,0.0,347.61878968968284,0.0,13.425514318841133,-5.635354632799826,398.9472774772538,2.3245437996297342,09243800,0.0,172.5015602761818,-7.466753850577334,12.310866093254617,0.5059092313614579
2000-10-16 00:00:00+00:00,0.01,A,38931.362251623104,0.0,349.0817152172146,0.0,14.955808775275504,-4.613865036397498,424.3842551350437,2.756256741424974,09243800,0.0,174.0938166637644,-5.604827604202342,13.608765469470939,0.6340623860097668
2000-10-17 00:00:00+00:00,0.02,A,38777.46696950984,0.0,360.1823624694189,0.0,17.48859988379024,-4.06907872977368,431.8476679529665,2.4609514704813207,09243800,0.0,170.10129781322868,-4.425085611719112,16.929573969490605,0.8359721458900851
2000-10-18 00:00:00+00:00,0.01,A,38624.43106239658,0.0,355.14052925550754,0.0,19.697195886622268,-2.065630422691138,496.896352217538,3.508262903656697,09243800,0.0,170.22275246649633,-1.957522423351179,18.111791407998567,0.9833746766701292
2000-10-19 00:00:00+00:00,0.0,A,38472.2740615333,0.0,342.58434401289804,0.0,18.508198576690205,-2.0158668334041234,508.57753920915286,3.0617587704913696,09243800,0.0,164.82875407871975,-2.073390357004257,16.188606867927206,0.8072933589601227
2000-10-20 00:00:00+00:00,0.01,A,38321.04734728698,0.0,341.5861695907845,0.0,18.127338222631533,-2.789046555833275,482.7542237141884,2.825652237929982,09243800,0.0,164.8359939424883,-2.6930369920495423,16.42653200842193,0.7684957066925763
2000-10-21 00:00:00+00:00,0.01,A,38170.80070237936,0.0,335.55006950004804,0.0,18.041937955809026,-2.706283640354966,488.6640887160499,2.6831077666867897,09243800,0.0,130.61907939331985,-1.6974841795281463,15.32551098824564,0.6615111150117284
2000-10-22 00:00:00+00:00,0.03,A,38021.565975927406,0.0,316.35330067300174,0.0,15.36340135327632,-3.4756093137378934,471.60072199692615,2.577228489426124,09243800,0.0,151.41846750135497,-2.6036550012005364,16.481900387196276,0.6295585208815444
2000-10-23 00:00:00+00:00,0.04,A,37873.39004293107,0.0,296.6518991221615,0.0,15.535627608527705,-1.7649287860814644,536.6481087309446,2.2182324214643048,09243800,0.0,138.68571944536367,-1.8810106746685733,16.782949929445635,0.6137941559742943
2000-10-24 00:00:00+00:00,0.03,A,37726.315472729104,3.65563042148641,142.29970332204178,0.0,9.628433213154588,-0.0108891686867785,610.2855182955242,1.856058759414476,09243800,3.73284902692603,140.92281557779856,-2.125341579530641,12.563913906369635,0.39163217485681
2000-10-25 00:00:00+00:00,0.02,A,37580.38953973278,0.0,146.64114795399593,0.0,6.929541509389636,-0.2511596562334869,599.9676353524475,1.2872368755241548,09243800,0.7674454868006441,112.72799958817114,-4.034666877559687,8.357236888995203,0.2032745530366644
2000-10-26 00:00:00+00:00,0.04,A,37435.65481328081,0.0,287.13678666408833,0.0,12.631776872398598,-3.917564154140074,457.2007608880676,1.7653671688181014,09243800,0.0,152.3358562518232,-6.286867555693277,12.076411762582836,0.429940252179028
2000-10-27 00:00:00+00:00,0.03,A,37292.15856778451,0.0,283.02068704088526,0.0,14.451540025668333,-1.9948251653841576,527.588246775133,2.3916375873187867,09243800,0.0,137.21003228330764,-4.33098698738911,15.073117093054691,0.6171843402357461
2000-10-28 00:00:00+00:00,0.02,A,37149.94026515512,3.6481966991560832,161.03036755227066,0.0,11.64280427406116,0.5102920695609776,633.779481502615,1.9640911166755537,09243800,1.99304022076634,114.3685567229193,-1.1411676677016658,12.787229544463969,0.4234036333914507
2000-10-29 00:00:00+00:00,0.04,A,37009.06551282011,0.0,179.53905909639204,0.0,9.762715979506538,0.6971967626720539,642.9187339712092,1.6419782561504934,09243800,1.0045779566969864,147.1261015182105,-3.6611871136389027,10.60339967932822,0.3096175058819234
2000-10-30 00:00:00+00:00,0.03,A,36869.569666735086,0.0,264.387009668828,0.0,10.844100888435982,-3.954855946795633,455.8738927597404,1.804813372750824,09243800,0.0,130.7474873596614,-4.495274674371899,11.698948240026482,0.4381662602868642
2000-10-31 00:00:00+00:00,0.03,A,36731.507813811375,0.4018910423204894,194.5654767320788,0.0,6.0445724441292645,-4.092927898836274,451.2202955687519,1.4306753954757896,09243800,3.194865789466774,119.17915730430676,-5.1486664220547596,8.807596828635496,0.3064804048564074
2000-11-01 00:00:00+00:00,0.06,A,36594.9305355933,6.786745010099902,104.0539478753706,0.0,2.921503024169061,-3.635841936500491,467.3613856694639,1.0099338103121462,09243800,6.641128713044872,99.0131832169522,-7.882180986414596,3.666967786437624,0.137359483606907
2000-11-02 00:00:00+00:00,0.06,A,36459.88821391957,2.033349502596041,191.04957471601185,2.033349502596041,1.7020603401541647,-7.927036561952676,336.90159407810444,0.7918460302737256,09243800,1.342244358917776,122.770821200646,-12.198577173576325,0.2498360679554139,0.1214735334847197
2000-11-03 00:00:00+00:00,0.05,A,36326.43222915714,4.602001315895289,246.8815042434347,6.633620434290815,4.443198895981532,-12.754055347381332,229.27139971363843,1.0854293464408264,09243800,0.3400934771917308,145.33681725897097,-13.422163480488393,2.8012039403945437,0.2142937181555171
2000-11-04 00:00:00+00:00,0.02,A,36194.61646998343,2.367082631786368,276.2489763877984,9.002120291641885,8.602085306812405,-10.65555850498213,271.3894990197725,1.36738290667883,09243800,0.6240331561396868,147.0752434481701,-10.470860368121237,6.087958552611383,0.2747506837680921
2000-11-05 00:00:00+00:00,0.01,A,36064.50443492666,6.656679358095188,124.7663698021235,13.392128396826642,0.7340587990119147,-6.311511634391053,381.466078934009,0.8126449099721048,09243800,6.118956569729013,80.66438211648227,-11.27424081836898,1.9337911599741346,0.1078378250926566
2000-11-06 00:00:00+00:00,0.01,A,35936.126974575534,0.0,220.6078145559225,13.392128396826642,-3.022432029404506,-12.666397778915044,231.2180089077429,0.6627277458469454,09243800,1.2972455547450068,90.26139337440142,-15.142015129714935,-2.624518478360983,0.0959864467624436
2000-11-07 00:00:00+00:00,0.04,A,35809.55460113572,0.0,291.0295160904722,13.392128396826642,-3.618661940237878,-17.623766505628463,153.11466183634278,0.6502230184130905,09243800,0.5418452419007357,110.00226211801755,-17.915860312789903,-3.842963568674179,0.1005125522541122
2000-11-08 00:00:00+00:00,0.01,A,35684.8416026959,0.0,334.0760755084765,13.392128396826642,1.8519620110643176,-16.9865235085396,161.561601080155,1.0366305301761345,09243800,0.6328196390328633,143.21344144656638,-16.564660391843063,1.0208610664668072,0.1833373425712886
2000-11-09 00:00:00+00:00,0.0,A,35562.045973889115,3.117701784277251,183.49384538488505,16.50986727970257,1.2403740763734274,-9.616485517766282,294.72563522139075,0.8106538443226086,09243800,1.8574563319833517,75.66735420084865,-10.819452653017436,1.6435205790689338,0.1340639863165216
2000-11-10 00:00:00+00:00,0.02,A,35441.212480816255,0.2143738913905401,283.12429393687626,16.724241690489084,2.8945964117895397,-11.139339527702573,261.1439804509642,0.9339456659829976,09243800,3.1414816497772518,110.42084973409408,-10.279123600400055,1.4351554078416484,0.1546863370155468
2000-11-11 00:00:00+00:00,0.06,A,35322.421157670775,0.0,230.8036039196085,16.724241690489084,-6.110641707196734,-16.22564722887817,172.29809475983302,0.5533025711497115,09243800,0.851989588040672,117.50242653746194,-19.310071979315495,-2.9149617362706977,0.0781817906679976
2000-11-12 00:00:00+00:00,0.02,"A, e",35205.6974390092,0.0,284.9191390905588,16.724241690489084,-6.409003387783408,-20.32861629425893,121.3835065754864,0.5406637941035854,09243800,0.0115096590643365,80.5337640672954,-21.045904556250008,-7.189317077214184,0.0835449558393126
2000-11-13 00:00:00+00:00,0.02,"A, e",35091.12175843633,0.0,299.8839497528945,16.724241690489084,-4.865438607801184,-20.53245196398039,119.26789993059997,0.7523158795742816,09243800,0.0,138.18248494669274,-22.242419292218386,-5.032998489851138,0.1272022024707529
2000-11-14 00:00:00+00:00,0.02,"A, e",34978.74178977475,2.5558989849955465,267.5040392109795,19.28001924617862,0.0996503757953309,-18.86871567923218,137.67600198030112,1.0224552785102938,09243800,0.0026491305397087,125.39208297506052,-18.813151133682453,0.9576993789916628,0.1966146561222922
2000-11-15 00:00:00+00:00,0.03,"A, e",34868.62003302449,3.59690041745814,163.7038621793152,22.875019975111265,-4.156251968682729,-13.719136712442596,211.92613843343645,0.5378626950513632,09243800,6.545049463978971,76.33187986918277,-16.74880928592046,-4.360834718486785,0.0753127495238519
2000-11-16 00:00:00+00:00,0.03,"A, e",34760.80706972986,0.0,277.19250429590767,22.875019975111265,-5.674133180125506,-19.24911804770023,133.2772959088553,0.6430186738951392,09243800,0.0,118.97790785465504,-20.744110555922873,-4.903587371371145,0.1030880165925096
2000-11-17 00:00:00+00:00,0.03,"A, e",34655.36559959653,0.0,298.026800052364,22.875019975111265,-7.255820358350092,-22.82035062446975,97.50262677518016,0.6069604493122194,09243800,0.0,95.48748209682137,-21.024736532997423,-6.277609370742482,0.0989871949430543
2000-11-18 00:00:00+00:00,0.02,"A, e",34552.3538169632,0.0,315.16486700576723,22.875019975111265,-4.607769459330211,-22.78641836182755,97.80071683428754,0.8913972848496686,09243800,0.3352040783507121,121.038073948524,-22.98540964786747,-2.610279751128587,0.1547843814292908
2000-11-19 00:00:00+00:00,0.02,"A, e",34451.82991616857,0.0,305.5522691835447,22.875019975111265,0.5030319923094138,-16.638489736789612,166.36318363721892,1.1527380557280509,09243800,0.0,129.34149084812285,-15.972498205751663,0.5372957410396566,0.2135911622690681
2000-11-20 00:00:00+00:00,0.03,"A, e",34353.838663313494,0.0,311.9804310329605,22.875019975111265,2.509904094545292,-16.083924544022793,174.2733933328638,1.3758568462694545,09243800,0.0,130.0022944682957,-15.081479755681812,2.704366109521061,0.292238149188927
2000-11-21 00:00:00+00:00,0.04,A,34258.46009259146,0.0,303.16537334494626,22.875019975111265,3.738984726217516,-13.831103138097848,209.99161468252652,1.5667879096568578,09243800,0.3618507436253487,126.30724161856976,-11.290086286745861,4.6294634724578145,0.3739562688595728
2000-11-22 00:00:00+00:00,0.0,A,34165.72685194204,0.0,289.36999310327013,22.875019975111265,6.704583024848282,-9.430197622500346,299.0673673070939,1.214969248238146,09243800,0.4615838789441589,114.57053543432076,-8.857545452097554,6.162890382874423,0.4016783576442824
2000-11-23 00:00:00+00:00,0.01,A,34075.69713570391,0.0,286.1186646219122,22.875019975111265,3.8187929015154793,-12.226019282197155,239.27449026131092,0.940772018267419,09243800,0.0,120.01795240002066,-8.932866385544173,3.655973560792404,0.3241947969764914
2000-11-24 00:00:00+00:00,0.03,A,33988.44807034883,0.00015826578832268392,289.3371866584869,22.87517824086528,2.899724713287033,-14.12965264845668,204.9186316983177,1.094410562746949,09243800,0.0,118.75092104067822,-12.033094194471175,2.294167058942662,0.2599244504191052
2000-11-25 00:00:00+00:00,0.02,A,33903.99747763896,0.0,239.19816169374693,22.87517824086528,0.3383468391260213,-11.624525970946358,251.1702576290988,0.7822862692470874,09243800,0.4703206596985318,120.74600849060202,-12.935120808659235,0.5570608453882642,0.1642767007128435
2000-11-26 00:00:00+00:00,0.03,A,33822.429098312125,0.0,233.23413370754548,22.87517824086528,-0.892409472847195,-12.385439951273126,236.2277556727597,0.9897276462235264,09243800,0.5359494385366053,73.09025639797046,-10.552143980113556,1.5912471263426937,0.1942945921008056
2000-11-27 00:00:00+00:00,0.02,A,33743.78709935223,2.9726627182545435,142.72959390861348,25.84910977726604,1.9843374195444647,-6.747558443639253,368.6063000206682,0.8767745495278929,09243800,2.750702447641772,67.56884649335639,-10.252421270010927,3.162673794194916,0.1434769852055162
2000-11-28 00:00:00+00:00,0.04,A,33668.11034355365,0.0882154339354967,204.62015311235783,25.93758080522593,1.2493712372990675,-8.506169973291723,321.6177119702881,0.8344887367690713,09243800,0.4345987844375122,89.38458126472337,-11.474969812703932,1.5496979129454758,0.1383015370012298
2000-11-29 00:00:00+00:00,0.02,A,33595.461131210715,0.0,272.1217175696337,25.93758080522593,4.382213335461218,-11.286028945379115,258.0899354864164,1.3003677592173426,09243800,0.0,114.18914507905514,-11.955875568978911,5.44496956155956,0.2613464028349382
2000-11-30 00:00:00+00:00,0.03,A,33525.88263077908,2.74052033913312,195.85354087946305,28.67681837665061,2.1797717139392856,-11.926774319742089,245.13220995090288,0.8069295128599141,09243800,3.4150198715817317,103.62648557880308,-13.561131947185288,1.7410967590202517,0.1239256551692558
2000-12-01 00:00:00+00:00,0.03,A,33459.414104464406,0.0,280.1554060984409,28.67681837665061,-0.0221087716114804,-17.389032451707752,156.1597335418061,0.8588307186627921,09243800,0.0,112.18602215367768,-14.798543929647451,0.04027562694949438,0.2205720880436805
2000-12-02 00:00:00+00:00,0.03,A,33396.117253444056,0.0,283.44822331580764,28.67681837665061,4.9671378159922055,-13.814561399211296,210.25606965591012,1.3973149079293867,09243800,0.0,111.27151266073652,-11.864636356812753,4.01322997380629,0.3455030916395563
2000-12-03 00:00:00+00:00,0.03,A,33336.03193904069,0.0,255.91521484556472,28.67681837665061,2.966067322460753,-12.037764596182123,242.9721298323884,1.291886528832907,09243800,0.0,109.881717888565,-10.259917050606361,3.86312774641965,0.2908056989823953
2000-12-04 00:00:00+00:00,0.04,A,33279.19331750424,0.0,261.64427010743503,28.67681837665061,3.299877211033459,-12.418724310883482,235.58785112382893,1.131784021005399,09243800,0.0,109.8518372272658,-10.787198061226945,2.0615724033442575,0.2598736815797255
2000-12-05 00:00:00+00:00,0.02,A,33225.63654508475,0.0,237.1388845759771,28.67681837665061,1.3288628858551692,-12.054448725262343,242.627189640987,1.1240891552231695,09243800,0.5801346876715033,79.13803828384677,-9.949790107150136,2.6855611470053304,0.2040795089302067
2000-12-06 00:00:00+00:00,0.01,A,33175.41160420962,0.0,245.12930300046955,28.67681837665061,2.1203035807004667,-12.292182244761,237.9860512831016,0.9855569463869884,09243800,0.0,107.4388564879648,-13.760355377197186,2.498684951570965,0.2073257491865351
2000-12-07 00:00:00+00:00,0.0,A,33128.546437745776,0.0,249.78793866175488,28.67681837665061,4.553584959116959,-10.592073340386449,272.77074033065645,1.1086244872266366,09243800,0.0,107.517946944577,-10.934075090044644,3.881781091984635,0.264449242626429
2000-12-08 00:00:00+00:00,0.0,A,33085.080507604536,2.5684120693593715,179.4954113064952,31.244759013478884,0.994327366815174,-11.286900339249614,258.0564065356658,0.7632578252532041,09243800,0.7533340361584239,99.88163112502258,-12.297647743915604,2.7198851917499383,0.1455495952310178
2000-12-09 00:00:00+00:00,0.0,A,33045.04466437459,2.0821581836009977,153.46104052262206,31.13223307362894,3.241779264068895,-5.727631765008571,398.5774251593826,0.5593047815040786,09243800,2.809258954593549,89.5323792697269,-8.413539989662354,1.975131229242436,0.082519125420981
2000-12-10 00:00:00+00:00,0.0,A,33008.46975864466,9.26552733905732,135.3473333982899,34.60650932691083,3.1501549066019225,-5.960521783984697,392.5976111505488,0.5919267314945421,09243800,6.635086019199116,93.10960764016586,-10.123797108545546,1.813714085701804,0.0894639723888609
2000-12-11 00:00:00+00:00,0.01,A,32975.37592078166,8.220841635777717,123.80574103519098,42.82633609340878,-5.912102522183866,-13.869203401203023,209.50102173366736,0.6040456143026344,09243800,4.377684337484698,80.200516301603,-19.083513698232423,-4.684254732223337,0.0950545358017317
2000-12-12 00:00:00+00:00,0.0,A,32945.79460049127,3.581423428206012,159.17486608782505,46.40747913731799,-2.4310148212585063,-13.304832870728914,219.22147336343932,0.4998910400572137,09243800,3.4565105157347915,93.74544731318888,-18.535175217454736,-0.15058806463036944,0.0957486989170995
2000-12-13 00:00:00+00:00,0.0,A,32919.75194328957,2.0703990227438247,139.127809320455,48.47805834504877,-3.416375229761277,-10.77002830385538,268.93133529700384,0.4162273022849054,09243800,0.0,76.70217305885208,-14.96632561323105,-2.92203635438176,0.0576137498155517
2000-12-14 00:00:00+00:00,0.01,A,32897.24934711613,3.1994173202941827,157.5483563707506,51.67780579697807,-0.3549398092829855,-9.841922725843784,289.5127217202819,0.5550668367181721,09243800,4.577671203306055,90.1810971362649,-14.787488469783,0.0009235776144578267,0.0802898415507147
2000-12-15 00:00:00+00:00,0.0,A,32878.32507564833,5.114007982074095,122.42436394003796,56.79337179944939,-0.4360802923836797,-7.985618436441136,335.45362536036225,0.6290202826198041,09243800,6.274752546581854,94.58142335270158,-13.214242152741178,-1.7962347032669754,0.0874176486985434
2000-12-16 00:00:00+00:00,0.01,A,32862.983634253134,0.0,225.76302908341717,56.79337179944939,-3.576208366512318,-15.146871587217156,188.4654722575528,0.7046795988909669,09243800,0.4958744052662668,102.2986836443567,-18.527512872917214,-4.827365663587273,0.1065420813390368
2000-12-17 00:00:00+00:00,0.03,A,32851.232036607944,1.853589750755251,234.81491440351343,58.64784953295882,-0.2619600983241965,-15.03756276364349,190.12861613981207,0.9803907424806596,09243800,3.310042972254932,70.87556137089025,-15.251585989435057,-0.477594381297763,0.1480167978834975
2000-12-18 00:00:00+00:00,0.07,A,32843.09041307969,2.0267435679429555,215.72568286604672,60.67332839837752,-4.374137963501303,-16.885587818222035,163.03114051813358,0.4989967612020027,09243800,0.0,102.39804248586375,-19.552411963612087,-7.2748025112131245,0.072023547292192
2000-12-19 00:00:00+00:00,0.06,A,32838.55095116839,2.173908672568997,246.36114775354076,62.84861157343061,-1.4896786713175938,-19.47255154460072,130.72545002443388,1.096394169444855,09243800,1.028292421057138,104.232825690565,-18.485287028100373,0.09047031341651746,0.2005689387101604
2000-12-20 00:00:00+00:00,0.05,"A, e",32837.632782712746,0.0,227.70283197212032,62.84861157343061,-4.224239630159682,-15.545397298592498,182.28424808091825,0.5846131312778903,09243800,1.4179584382853696,98.37759685059326,-19.488829325918687,-3.833863354440041,0.0867143472363027
2000-12-21 00:00:00+00:00,0.05,"A, e",32840.332001462746,0.0,269.20596388705724,62.84861157343061,-4.397397257865378,-19.737998214409924,127.74432135357802,0.5970314551497928,09243800,0.0,97.72785791878502,-19.866947687573543,-2.455763269003853,0.0989291131321868
2000-12-22 00:00:00+00:00,0.06,"A, e",32846.634380357944,0.6130804244313991,234.5378568097788,63.46155198001954,2.153777739228827,-10.756889822271408,269.2074053131654,0.7625277574601586,09243800,0.0,95.70766528904502,-11.59344835819644,0.3972513144009895,0.1310814455343972
2000-12-23 00:00:00+00:00,0.06,"A, e",32856.5529482249,0.0,239.58303456130128,63.46155198001954,0.099742939240484,-11.99772293830305,243.7213129928417,0.7790325126026514,09243800,2.521013623117386,104.79614170925558,-13.317420709221949,0.22676867484028662,0.1643028783634765
2000-12-24 00:00:00+00:00,0.08,A,32870.06666403138,0.0,256.33503917584125,63.46155198001954,1.0026185770245408,-12.563569144238484,232.8083294789846,0.819505404796019,09243800,0.7027328548332056,93.04598267111407,-13.839117961798138,2.0826115657982314,0.200384529913489
2000-12-25 00:00:00+00:00,0.08,A,32887.17743697094,0.0,239.78226198534207,63.46155198001954,-0.9063594084461548,-12.849295995680349,227.60406343535905,0.4629644692931979,09243800,0.0423883283957124,93.6527705085925,-15.353737912975305,-1.5021958717776442,0.0754814352155826
2000-12-26 00:00:00+00:00,0.08,A,32907.859720644374,0.0,279.4359116955149,63.46155198001954,-0.495568558415785,-17.01258390489844,161.21093289404246,0.7572065086497728,09243800,0.0,104.5551643666114,-17.241547680612058,0.2062868156880313,0.213836990699521
2000-12-27 00:00:00+00:00,0.07,A,32932.101197184784,0.0,277.7758010250274,63.46155198001954,0.7266049579141074,-15.71998852916451,179.65023852009816,1.037768476679366,09243800,0.0,104.31395192141224,-11.590570053328122,3.483929625359906,0.2895961722242026
2000-12-28 00:00:00+00:00,0.07,A,32959.88604188647,0.0,262.1706334237061,63.46155198001954,-1.2357234659254857,-15.641908662461308,180.81408788443093,0.8413810546532731,09243800,0.0,104.81704969985036,-14.78308931336477,0.007259338833932816,0.1785891649409478
2000-12-29 00:00:00+00:00,0.07,A,32991.19823033816,0.0,264.9157572684026,63.46155198001954,-2.214896653242907,-16.773703460104247,164.48489049767235,1.026665390989841,09243800,0.0,105.5816497736718,-15.834137813580242,-0.6831734158614609,0.2249517148217788
2000-12-30 00:00:00+00:00,0.06,A,33026.00300570116,2.385391580933294,186.0718843323692,65.84724790432153,-1.643372985077307,-13.470378445982098,216.27890536422748,0.9506612911193578,09243800,3.4382658097119387,91.74307197046735,-13.703875936359793,1.6109362536218441,0.1938572211153369
2000-12-31 00:00:00+00:00,0.06,A,,,,,,,,0.2709831914321953,09243800,0.6043104616859664,108.44639971258798,-15.140866322867794,-3.867391872304381,0.023426601363639
2001-01-01 00:00:00+00:00,0.05,A,33064.45701738675,0.0,259.06427170194235,59.36856747528874,0.2057148334063942,-15.261845981341216,186.62647521044724,0.6780735150384258,09243800,0.0,87.43752315580147,-16.81351379195462,-0.6476489114811557,0.1239360124333955
2001-01-02 00:00:00+00:00,0.05,A,33106.203598411026,0.0,257.6045711408111,59.36856747528874,-1.7076854956052288,-16.838021261870075,163.59672536214674,0.760667747162338,09243800,0.0,111.30810256608638,-18.04366183722746,-0.6543810477779175,0.1975288894691993
2001-01-03 00:00:00+00:00,0.05,A,33151.35041428618,0.0,266.54426822202225,59.36856747528874,1.5875910118863266,-14.580032129138155,197.43998828470987,1.2338560057746464,09243800,0.0,108.19676690969985,-14.178063988406336,2.666204320889392,0.2877268315857242
2001-01-04 00:00:00+00:00,0.04,A,33199.88334979436,0.0,265.3013470385218,59.36856747528874,4.182947119479155,-11.837346867585165,246.88846530871297,1.5193839145941357,09243800,0.0,111.1090496299874,-11.288002032035138,4.773206719346717,0.3581534240521783
2001-01-05 00:00:00+00:00,0.04,A,33251.76063441951,0.0,269.2994307897214,59.36856747528874,5.95331977756239,-10.518701276220714,274.37009246139723,1.8137863775015008,09243800,0.0,109.19277376361796,-9.054769842616963,7.141225000692202,0.4630302123554821
2001-01-06 00:00:00+00:00,0.02,A,33306.95803183899,0.0,264.97809372032384,59.36856747528874,3.820413433386604,-11.837787650356551,246.8944011488999,1.1887653093066968,09243800,0.0,110.18129827217048,-12.44501167679232,4.166239973480629,0.2612558148981838
2001-01-07 00:00:00+00:00,0.04,A,33365.41443999238,0.0,272.6062728152229,59.36856747528874,-1.3924200317338344,-17.577320074818978,153.70014009077323,0.7217706263985751,09243800,0.0,114.88279413288268,-18.282493431448813,-1.3797504656610613,0.1871588144498987
2001-01-08 00:00:00+00:00,0.03,A,33427.09019726271,0.0,287.93569477058054,59.36856747528874,1.982174940551992,-16.31229785781793,170.97724474079564,1.4532767133321116,09243800,0.0,116.02885309905926,-15.48205095723796,2.6186892358132354,0.3526834251618961
2001-01-09 00:00:00+00:00,0.01,A,33491.968480416086,0.0,280.66664394374806,59.36856747528874,3.311810941468849,-13.739629887498582,211.54999694780295,1.3742645067639885,09243800,0.0,114.84787609325817,-14.249475998721039,3.0598252394963765,0.3346845792334713
2001-01-10 00:00:00+00:00,0.0,A,33559.976668347714,0.0,251.3184376638356,59.36856747528874,0.915265933097246,-12.71575371688872,229.9808415837392,0.5837301542452825,09243800,2.1290427798343807,85.88360900492965,-12.306954664772661,1.0232615632371562,0.0904416670443547
2001-01-11 00:00:00+00:00,0.0,A,33631.0862190737,0.0,287.1129274372401,59.36856747528874,1.8197880107706657,-15.575917741079287,181.8213710798632,0.9747226567020496,09243800,0.0,110.88109467915706,-14.27668364852883,2.4024873438989403,0.1954400367088639
2001-01-12 00:00:00+00:00,0.0,A,33705.2434436223,0.0,265.7003777103168,59.36856747528874,5.143779145093919,-9.712579822215542,292.4956592283376,0.7940214110084111,09243800,0.0,102.02411493579672,-10.515362142983179,2.8550403302469363,0.1698148664973748
2001-01-13 00:00:00+00:00,0.01,A,33782.39325508217,5.260274721903683,108.6610887236666,64.62832224438225,-3.384707685500493,-9.864397830010876,289.0090469844071,0.3813379544812364,09243800,1.9399509608856664,86.00156397509755,-16.899877167966736,-2.424497287087945,0.0405867422317949
2001-01-14 00:00:00+00:00,0.01,A,33862.50400404205,0.0,202.74759642421847,64.62832224438225,-3.2188135163971894,-12.818984250577312,228.2276638119369,0.5263552093051207,09243800,1.4603660023187042,106.29642925983548,-18.719484169363852,-3.870402283917315,0.0834505809932209
2001-01-15 00:00:00+00:00,0.01,A,33945.490951235835,0.0,278.4799071027417,64.62832224438225,-3.853922623169232,-18.98192461034009,136.33616403494904,0.5335788606736448,09243800,0.0,118.76653010751242,-21.87607602453582,-4.4445920783744555,0.0911325871100385
2001-01-16 00:00:00+00:00,0.01,A,34031.34058056267,0.0,289.9243782698052,64.62832224438225,-5.078260012127145,-21.180884299384125,112.69967612728072,0.5903506258996531,09243800,0.0,118.87723150141574,-19.10854239925908,-3.521658668477471,0.0967994334282307
2001-01-17 00:00:00+00:00,0.01,A,34119.97165959514,0.0,291.2136963689751,64.62832224438225,-6.309033122956163,-22.292715066228567,102.18620768828752,0.6209407656377182,09243800,0.0,124.93264817937622,-22.140070764503065,-4.987748697136681,0.1320901351744811
2001-01-18 00:00:00+00:00,0.01,A,34211.35293833327,0.0,264.141125906286,64.62832224438225,-4.665948856523536,-17.942751276379294,149.00382736255077,0.6401007289068893,09243800,0.0,122.17203878213807,-20.684034921973137,-3.0377087797219815,0.1192901305759105
2001-01-19 00:00:00+00:00,0.01,A,34305.4033840553,0.0,304.6955335493664,64.62832224438225,-1.3637355413661456,-18.55780114634054,141.39720466360922,0.6867195933509748,09243800,0.0,125.94292565986632,-21.256697932599877,-2.23758341390095,0.1182058784253776
2001-01-20 00:00:00+00:00,0.01,A,34402.086442571686,6.61103875576109,202.1395980983515,71.2394101899977,-4.039529969849908,-17.03679412295506,160.86760714121445,0.5215230991446967,09243800,5.625281939554774,70.1480930224775,-17.96401150168191,-2.8434717054437897,0.0704163252651251
2001-01-21 00:00:00+00:00,0.01,A,34501.33610704371,0.0,323.1019998625149,71.2394101899977,-0.0460529473242758,-18.964458325253265,136.5362353254225,1.072970245414363,09243800,1.084831871298619,127.1600561588844,-19.750667573646496,0.1556081664194835,0.209793122102436
2001-01-22 00:00:00+00:00,0.0,A,34603.10880960445,0.0,321.5612816005853,71.2394101899977,2.8380456818967605,-15.57367416770788,181.84951342560333,1.3177433795631883,09243800,0.3337267379021557,118.95095454135767,-14.145256673794506,3.567280787020138,0.3251765566035962
2001-01-23 00:00:00+00:00,0.0,A,34707.32842231036,0.0,300.5716251832311,71.2394101899977,1.044314899900126,-14.4972672814414,198.805543801932,0.8157339116619929,09243800,0.0,112.78051718050678,-13.79300107092655,1.5098224822705788,0.203385353476182
2001-01-24 00:00:00+00:00,0.01,A,34813.95328648805,0.0,327.07957682354106,71.2394101899977,2.814922548164812,-15.577599122000446,181.7890729420728,0.9675633618459348,09243800,0.4596487513075843,131.23720153832969,-15.644175745402379,1.2572487438067697,0.196457206731795
2001-01-25 00:00:00+00:00,0.0,A,34922.915286399606,1.3491400871726906,244.51601249976932,72.58794319211738,0.929773624995164,-12.291486745280649,238.017605239702,0.7339551390542454,09243800,2.7758226010301748,114.73041340337396,-13.134351683221496,-0.5922670187659946,0.1009537354711724
2001-01-26 00:00:00+00:00,0.0,A,35034.15853631119,0.0,286.5008294616555,72.58794319211738,-0.1195299980332868,-13.725587251037602,211.80990444053631,0.7122451821074319,09243800,2.245147514616212,130.40566117466446,-17.947234126935058,-0.5586003755482807,0.1148369304322031
2001-01-27 00:00:00+00:00,0.0,A,35147.64006747276,0.0,278.31489054898617,72.58794319211738,-0.4694024234028214,-13.275327277122924,219.74854590714293,0.8077227919182965,09243800,0.0,120.99774638532446,-14.40642029190468,1.6768564750338442,0.1320900841977118
2001-01-28 00:00:00+00:00,0.0,A,35263.28175488433,4.191565407179484,143.07336729405606,76.78111465407993,-4.3855158217341685,-12.038267207107952,242.95854900517983,0.5459805311530005,09243800,0.671312608221532,117.651429175315,-15.509870910644452,-1.0835915724944698,0.0647237734681667
2001-01-29 00:00:00+00:00,0.0,A,35381.03772207416,5.318815421705923,196.58280834980835,82.09919903607772,-2.899541488671882,-14.01742027948288,206.88674698289435,0.7038307368350675,09243800,4.585948182339358,130.59912986470994,-18.595436744771092,-2.1636493158796952,0.0943356559406549
2001-01-30 00:00:00+00:00,0.01,A,35500.851683897024,1.7871267545492509,296.50799200573806,83.88652980804987,-6.408476354749837,-20.586531893994657,118.68259839081746,0.5832737666873126,09243800,1.1266099737205322,116.58054802186696,-21.456849545691085,-4.575058066273641,0.0809119691302617
2001-01-31 00:00:00+00:00,0.01,A,35622.66253829251,2.226912852665953,273.279738682476,86.11470893946576,-6.275537346359703,-22.759362079023383,98.04295427350648,0.7749329115263128,09243800,0.2298036593927966,120.30939076680598,-20.30537485807207,-4.84635996346276,0.120808984556149
2001-02-01 00:00:00+00:00,0.01,A,35746.418505482325,0.0,308.4264131633559,86.11470893946576,-2.626608309211344,-16.356165801082074,170.34825645367374,0.7394269976499108,09243800,1.001737664174983,134.13143683343142,-17.509683695946364,-2.137865096590758,0.1023061030219022
2001-02-02 00:00:00+00:00,0.01,A,35872.06119142216,0.697369895286225,303.0955147893471,86.81128133384388,0.8071406598337186,-13.7450400198754,211.47375001633367,1.0793313628996908,09243800,1.9155289672783256,147.98250656920118,-12.842293971491245,2.562500398532336,0.1714450238536373
2001-02-03 00:00:00+00:00,0.01,A,35999.52478897893,3.805177233018013,166.74893760745175,90.6150360341598,1.8231681809143745,-6.627176592855516,372.0458179261837,0.9823784807397408,09243800,4.117812422009957,93.10873521504185,-7.678548046676838,1.786543455520075,0.140946100754574
2001-02-04 00:00:00+00:00,0.01,A,36128.78075616876,0.0,247.9138154043612,90.11746992151726,4.737034241407987,-4.812343759460359,427.51987640555,0.90506835067615,09243800,0.0,113.49766563988342,-11.25535003938353,3.228514284777816,0.1289184587879684
2001-02-05 00:00:00+00:00,0.0,A,36259.74475313683,0.0,329.8656228107431,90.11746992151726,6.016138773914444,-8.162575926507872,330.3227774731792,1.2887536628971217,09243800,0.4376344851320322,153.70805536824668,-7.225367351690295,4.705607972231519,0.1947910367740324
2001-02-06 00:00:00+00:00,0.0,A,36392.38062510489,0.0,347.6953746665208,90.11746992151726,5.785914321762383,-9.514670792977975,297.1055568310689,1.236850004940749,09243800,1.613624059909576,145.58237161930887,-9.989271317909584,5.163139751950325,0.1937218113357043
2001-02-07 00:00:00+00:00,0.0,A,36526.62216552862,0.2621241094488518,267.5162902988635,89.7756552820405,4.92872859059429,-5.190926122091397,415.23173182002967,1.3708696684723716,09243800,0.0532554567982943,130.41609308894832,-5.2603143255296345,4.386368828104196,0.2123230057198225
2001-02-08 00:00:00+00:00,0.0,A,36662.43031190799,5.525167638989901,273.3560341484718,95.30237126726588,-4.009914659354948,-18.227697482023764,145.62282780478998,0.6994237466869009,09243800,3.626263881770692,138.7216963498864,-17.31809920025583,0.1267157183923473,0.0863118272178525
2001-02-09 00:00:00+00:00,0.01,A,36799.75328446475,0.0,415.9681616463847,95.30237126726588,-3.992985017293588,-25.88873325977432,73.94081256301686,0.935620608925026,09243800,1.5697273960985698,162.5355379908992,-22.30634782423479,-3.63391611913778,0.1464894297785652
2001-02-10 00:00:00+00:00,0.0,A,36938.53038054979,0.0,383.5019139487484,95.30237126726588,1.162593646464796,-15.66355290078332,180.5013840228817,1.2721635213516522,09243800,0.3506883487732202,160.6770075776707,-14.816991212497499,1.996618744562852,0.2078330206741302
2001-02-11 00:00:00+00:00,0.0,A,37078.71372663481,1.7265718538900288,333.77608399063894,97.02906563895922,0.7331873725675047,-12.883037289831709,226.86761173399944,1.1141163724791,09243800,0.8714811803259281,143.16909025068358,-10.16444424353972,-0.04987555961884027,0.1590644071866482
2001-02-12 00:00:00+00:00,0.01,A,37220.26075338112,0.0,359.5953049606901,97.02906563895922,2.9073396816104324,-11.587877774248872,251.8998111452075,1.2027573745868332,09243800,0.0,145.9476349346173,-11.860122997133601,2.5032071756479013,0.1881832819376478
2001-02-13 00:00:00+00:00,0.0,A,37363.115974466135,0.0,342.78692312864,97.02906563895922,5.812873246475266,-7.5467167081984226,346.5334677970423,1.398340834294772,09243800,2.133221160751371,161.697153125962,-9.883857133518063,4.39681685125737,0.2522291834411609
2001-02-14 00:00:00+00:00,0.0,A,37507.2296071681,4.747185298678548,173.76559112711277,101.77798605493471,-0.4162898670375834,-8.013528367528682,334.26199290618734,0.8349431640685747,09243800,2.8930712620449013,122.36146378694886,-9.058831497858591,-0.481973997040825,0.0960072334726857
2001-02-15 00:00:00+00:00,0.01,A,37652.56509729747,4.542177821319397,263.31518961569014,106.31832210106629,-0.697641834052802,-13.297254350658662,219.36153181530764,0.934613676823049,09243800,1.5813129227033182,169.09165356385185,-14.14359146906287,-0.32206700439786573,0.1133267001657527
2001-02-16 00:00:00+00:00,0.01,A,37799.07306154379,0.0,429.0676232092293,106.31832210106629,3.0435801791742256,-16.147960780616057,173.34612078303292,1.255485279118609,09243800,0.0,174.2514970990669,-14.6729039319153,2.525139312419242,0.1915570423066521
2001-02-17 00:00:00+00:00,0.01,A,37946.69841299576,0.0,419.0660006432706,106.31832210106629,3.269721847970698,-14.458778077055513,199.4261673578832,1.4315846555879193,09243800,0.0,181.1286516707545,-11.501560159993971,2.8195958613841867,0.2249020634355922
2001-02-18 00:00:00+00:00,0.0,A,38095.40559599208,0.0,356.93014604377186,106.31832210106629,1.867672525986248,-10.843630510522017,267.37819281836875,1.4006507100182348,09243800,0.4425968378226851,159.0419805930954,-8.921708641824068,4.168277216821025,0.2173749155189377
2001-02-19 00:00:00+00:00,0.0,A,38245.151841488405,4.5501568596984265,240.04233944039277,110.86899659772104,4.116295167864793,-6.501904976704693,375.6265646175401,1.0533342662409215,09243800,4.120673533540944,128.9120177623436,-7.766290877548386,3.811996911305812,0.1260289724567098
2001-02-20 00:00:00+00:00,0.01,A,38395.88696735165,0.0,400.9095620068477,110.86899659772104,7.073371047579371,-7.881345730789279,337.6432845313383,1.3102533576714468,09243800,0.8813405302457343,144.40984168372597,-8.44546175216334,4.6425867318345695,0.1882508123954073
2001-02-21 00:00:00+00:00,0.01,A,38547.57151167058,5.5066658331675375,190.54363640306835,110.1096254761948,3.3935744363131555,-4.1898815046311055,447.93539527504095,1.1312386071323333,09243800,4.138284284022415,150.75922053360452,-6.796153867435123,2.3867261908940804,0.1351914328926653
2001-02-22 00:00:00+00:00,0.01,A,38700.16971907821,0.0,392.0469458134852,110.1096254761948,6.081812387347235,-7.399710750506651,350.48818823659,1.2674406231385955,09243800,0.3281709003709535,185.59873861956777,-7.27938590247777,3.6699903591752445,0.1515126463464194
2001-02-23 00:00:00+00:00,0.01,A,38853.63531369146,1.6431864120195143,353.81972523823225,111.4320745432921,5.931248868868437,-6.202627736872308,384.4276872221144,1.355007723235665,09243800,1.2462716920894423,179.3289353316838,-7.6569509695131615,4.280645801515789,0.1851504779796694
2001-02-24 00:00:00+00:00,0.01,A,39007.94075205473,2.613817098952444,214.2431899009404,114.04484559569065,-0.5442343332791023,-8.597426468231397,319.36669253886754,0.9275098347459168,09243800,1.395398946457143,125.56414324990988,-12.834792810100737,-0.30504886192505865,0.1080856603943208
2001-02-25 00:00:00+00:00,0.01,A,39163.039159168016,0.4065028081936724,423.49243960555015,114.45235479375988,3.669620643250461,-10.528190068287058,273.78439746864177,1.1570048013719887,09243800,1.048092768310358,167.68061307697883,-12.987721848005378,1.5253399232453262,0.1386084904303105
2001-02-26 00:00:00+00:00,0.01,A,39318.88366003127,0.4686192544345561,413.14614513094045,114.92063268970956,1.843789743254278,-12.517222714443562,233.7076201466117,1.0339751824006618,09243800,0.0,176.83034579568533,-14.081706090323735,1.7367262026753565,0.1119142362468055
2001-02-27 00:00:00+00:00,0.01,A,39475.45121655584,2.2789985855262245,281.7691363758687,117.19910760877409,0.8045863501574287,-9.410203382440748,299.57914013574674,1.0768986268562122,09243800,2.886346759808203,163.06957703124223,-9.445334353868361,1.593803741325246,0.1252184319091689
2001-02-28 00:00:00+00:00,0.02,A,39632.70607337477,3.973507265879731,329.74736543333114,121.17219081434273,3.289065756184219,-11.086320554442288,262.2329587961555,1.3267311118265437,09243800,1.3364878278840588,177.57616428826185,-11.59578714543386,4.006578571778732,0.1781662894012178
2001-03-01 00:00:00+00:00,0.03,A,39790.60566114933,0.353980634202317,384.1766214281537,121.52617135564051,2.160123726760309,-9.808266204333425,289.86463331292305,1.2689468694475896,09243800,0.6634555329530001,184.8705216611917,-8.999894770417995,2.219150413618763,0.1415675696029195
2001-03-02 00:00:00+00:00,0.02,A,39949.110717673895,0.0,455.93057405679326,121.52617135564051,3.522572034280377,-11.466859626596213,242.15673515206757,1.4482511429788594,09243800,0.5997681636145066,203.8621461175628,-11.051290473084805,3.2710730401345813,0.1864255256812
2001-03-03 00:00:00+00:00,0.03,A,40108.1980051541,0.0,464.3146114092318,121.52617135564051,3.0315068803252725,-12.285991144045363,226.53739911855524,1.3525039031149482,09243800,0.0,179.98338899114768,-8.967494555911003,3.4492062886556596,0.1829870323163553
2001-03-04 00:00:00+00:00,0.03,A,40267.83547476739,0.0,517.6676292015111,121.52617135564051,6.307653374663013,-14.204570427323285,178.91938758979248,1.6945530954466712,09243800,0.5037085006570916,211.83116874857328,-9.262314545181539,5.092829325861942,0.2492628139894974
2001-03-05 00:00:00+00:00,0.03,A,40427.98115629194,0.0,481.38967702604975,121.52617135564051,7.972008469316185,-8.6993333854399,274.4386197847974,1.871271901340467,09243800,0.0,189.26448267387252,-7.638735245693397,7.320154495158022,0.3193590647686785
2001-03-06 00:00:00+00:00,0.04,A,40588.60750627217,0.0,448.7490536316216,121.35458469121012,8.893889539196389,-5.58864999106734,353.3087845510912,1.809476144207172,09243800,0.0,200.8945059588414,-5.919238477063061,6.949865144561102,0.2906594761251547
2001-03-07 00:00:00+00:00,0.04,A,40749.68678154672,0.0,472.2111760657626,121.35458469121012,8.516382011084993,-7.166259163741288,300.1675064608688,1.6714017306384064,09243800,0.0,210.66503386858045,-7.336795481477623,5.736958484832542,0.2148916395797659
2001-03-08 00:00:00+00:00,0.05,A,40911.18402557129,0.0,487.3403385574537,121.35458469121012,7.940067624640998,-8.481845965162922,256.41860390816305,1.768993820586461,09243800,0.0,220.67646049158267,-6.979749344001959,6.121256557541869,0.2351717055478669
2001-03-09 00:00:00+00:00,0.04,A,41073.06778864022,0.0,434.9135785700405,121.08087579830443,7.916507553959349,-5.349483929962899,343.1539750770837,1.7541837469616133,09243800,0.0,199.33968231700868,-6.379445612849395,6.7593780436328075,0.2328217710795812
2001-03-10 00:00:00+00:00,0.03,A,41235.30761957607,4.270490105778389,255.8728526673735,119.94743781162724,6.011514055820955,-3.302001808582807,479.151108015676,1.6217838471975563,09243800,3.7547894523293577,179.43631687306492,-3.8287524238562014,6.3137560961218355,0.2056294014871802
2001-03-11 00:00:00+00:00,0.04,A,41397.883188306296,5.922120264740413,242.08211187547712,121.59192101923732,2.465057318276119,-5.825669758611774,395.8152515055902,1.4428242065718635,09243800,4.696101044567504,184.88812447711427,-5.846279968570514,3.847902574630723,0.1480330235540026
2001-03-12 00:00:00+00:00,0.07,A,41560.75152608087,3.0109793277251256,260.1387705466974,124.60355854404897,1.9753772042894309,-6.7730622107242455,368.0783290891392,1.3529095483489566,09243800,2.4427609798023364,171.22210344389737,-7.923658423378072,2.3262106540993273,0.1435238619744619
2001-03-13 00:00:00+00:00,0.06,A,41723.886287678026,0.0,449.8865747241844,124.43744624224182,6.83235866206709,-5.665029032271193,355.8668459010039,1.9166466289530169,09243800,0.0106574761243864,225.20055342076049,-6.789895560007551,5.1334945674648225,0.2373180132591353
2001-03-14 00:00:00+00:00,0.06,A,41887.2741567026,11.391711110457209,257.0865847987467,135.829288460163,-0.6533936011729979,-8.863702950366221,312.747367507256,1.5111292115828232,09243800,4.547551665982754,185.43423213999367,-9.574705554121124,1.5664013185186718,0.1695531205878186
2001-03-15 00:00:00+00:00,0.1,A,42050.88037631587,0.0,466.56487175925577,135.829288460163,1.347204441132576,-11.053010872997344,257.5701452694969,1.4050749762259485,09243800,0.5488298232324968,224.42128707958867,-12.93131757986049,-0.15637874867326218,0.1463544241552409
2001-03-16 00:00:00+00:00,0.07,A,42214.66728195737,0.1536967053206885,486.4435026324237,135.98241050353943,2.9271646539494074,-10.419151664460552,262.6878713342783,1.464729131791538,09243800,1.2351152763421294,201.38537613703164,-13.348524605097907,3.1095537041450143,0.1676290186431508
2001-03-17 00:00:00+00:00,0.08,A,42378.6139444376,0.0,438.6894762850474,135.98241050353943,3.803021444976372,-7.418261511000751,333.0781054096788,1.2712913272194206,09243800,0.5029927949531201,169.66203355027463,-10.409884189365982,2.317831070303896,0.1289297020865189
2001-03-18 00:00:00+00:00,0.08,A,42542.69361912346,3.4157326136965867,336.751096166642,139.3972290179568,3.1477655673574736,-8.018518605602024,334.1128151306207,1.3102351491189737,09243800,2.8119447130364734,156.8925809098509,-10.062702525893485,2.7092730025514697,0.1427076544297245
2001-03-19 00:00:00+00:00,0.08,A,42706.878562853686,0.0,564.7795805885123,139.3972290179568,8.31685674377473,-8.887469731636806,254.9050393423113,1.8530054060748211,09243800,0.9002380731681223,238.8498167884997,-9.35157782744551,5.576769769280702,0.2015676315391835
2001-03-20 00:00:00+00:00,0.1,A,42871.15705687824,0.0,536.7455826716753,138.55822703924215,11.28002248458236,-4.000486391133,362.5135773438341,2.721875819376609,09243800,0.0,220.9924313450773,-2.9709179542061293,12.065530011600515,0.4370205803547169
2001-03-21 00:00:00+00:00,0.12,A,43035.471505975416,4.006065406019947,358.2187593597386,136.30565734602752,11.767821594060084,-0.6392753365645728,554.2138094513039,2.5615624681797526,09243800,3.048045534343004,172.33875833050257,0.10114838434611784,11.344325154378737,0.4448684556994891
2001-03-22 00:00:00+00:00,0.68,A,43199.8203125,0.0,503.1067044696874,134.54625088288896,11.48612822469124,-1.8099472605577784,445.5097435377727,2.399009586903996,09243800,0.8022698750749183,232.7570848921999,-1.693696168893382,10.84937104417105,0.3397009890482892
2001-03-23 00:00:00+00:00,0.52,A,43364.16541248019,0.0,522.4876394778161,133.3176395294963,11.176115770739251,-3.075568061499026,399.3003428029552,2.578236361566823,09243800,0.0445784857205023,234.28539211427577,-0.9974781739192053,12.232439667170581,0.4892146898308595
2001-03-24 00:00:00+00:00,0.53,A,43528.49468775477,0.266661077350468,553.9259871847422,132.73368162960404,12.243989178307771,-4.610068143240225,340.958890440984,2.2246359395968147,09243800,0.0,213.12592640166852,-3.5114011872182687,9.442083783703254,0.3145442348493301
2001-03-25 00:00:00+00:00,1.3,A,43692.762062146285,1.6137254779147074,525.4907577285593,131.2133539240169,12.500646045537165,-2.378932919583898,411.453860813042,2.940154604954969,09243800,1.4288094586933766,236.71446641590904,-1.3955136174210452,12.94557107309953,0.4690999942767225
2001-03-26 00:00:00+00:00,2.4,A,43856.9470058765,3.7587751422326985,346.66997378166644,129.4767155280691,9.795558490408308,-1.8666845654121744,524.7715449652209,2.640128043798594,09243800,3.685961847567457,237.2992174323247,-1.051352267930497,10.249364463310485,0.3978247311009891
2001-03-27 00:00:00+00:00,2.9,A,44021.02668056236,0.0,435.7974460406595,128.5329520359215,6.740530920671293,-3.750452749449354,438.4906716379898,2.475677187450397,09243800,0.0,197.4625099698068,-2.72546886570035,6.652266743490259,0.3509665956369605
2001-03-28 00:00:00+00:00,3.6,A,44184.98075613127,4.300641716072573,331.56077251422425,132.16839234550287,3.8473080361262735,-6.52726241629916,375.16893203030605,2.1167353168209275,09243800,4.401012363525245,193.4843137810152,-4.98345603130366,5.692175336437629,0.264982265482743
2001-03-29 00:00:00+00:00,2.1,A,44348.76766177279,3.1728123599039564,304.8329561400095,131.06870069481374,5.917799669503306,-3.3809980284332397,476.0222973301449,1.9859417575124867,09243800,1.2522383906082095,215.0424126552952,-5.18868363434251,5.904027092215529,0.2260777843953433
2001-03-30 00:00:00+00:00,1.6,A,44512.36646829736,1.75212986658165,421.91297124959885,130.03265279321937,6.563157184170526,-3.532316917687271,448.73987752965553,1.9718978877662343,09243800,1.9192309136065049,200.7086621468314,-5.698678015240716,5.465434130667745,0.2262802140289349
2001-03-31 00:00:00+00:00,1.7,A,44675.75493643887,0.0,555.5502428930497,129.02890098000603,11.084350808313616,-3.612480466665737,387.3302488264363,2.435824066781388,09243800,0.675022911538268,262.4492430113121,-6.677484046765358,6.701793463872548,0.2827167571209871
2001-04-01 00:00:00+00:00,3.7,A,44838.88909891909,0.0,566.6734327239717,127.14723615850804,13.767444841844906,-1.520104543681705,421.2745042174936,3.1973096363333715,09243800,0.0,238.06843948364252,-1.9376531196732003,12.176839623740648,0.4867283765432901
2001-04-02 00:00:00+00:00,6.7,A,45001.76524919367,0.0,557.9938598943091,124.77766856549876,14.4004148432782,-0.3602752842730504,457.5205531022192,4.026662587738647,09243800,0.8933611147788069,247.00386709958732,1.1348417588824873,14.822708745759485,0.6446864753049087
2001-04-03 00:00:00+00:00,8.8,A,45164.33300542389,0.0,586.3476408850993,122.51454588286472,15.515096691734042,-0.6090029243067707,430.3552174055226,4.206963079583785,09243800,0.0,257.9702838312704,0.9129607699296116,15.581117004784517,0.7298052151577349
2001-04-04 00:00:00+00:00,6.6,A,45326.580249448445,0.0,566.3793976838497,119.84836263438444,15.16181337477223,0.349279174619493,471.01492689960617,4.060677972877114,09243800,0.0,257.26282801440226,0.9767172109585545,16.274498140621574,0.753239245095446
2001-04-05 00:00:00+00:00,5.2,A,45488.45699883997,0.0,580.8650318826507,117.9170385599193,14.039951071625534,-1.4009083578108723,413.8236939899183,3.8784565483324074,09243800,0.3676011301953985,218.4256410568286,1.1187655338209197,15.601152347325012,0.7390124506661242
2001-04-06 00:00:00+00:00,7.0,A,45649.95444257019,6.988849436909187,303.224680627566,115.78316607426562,7.761032538610436,-0.920037403466186,571.294407084979,2.765652400505936,09243800,5.240129445212338,219.5604349670573,-2.8908360693527584,10.180516104246351,0.3725049154529462
2001-04-07 00:00:00+00:00,5.3,A,45811.0409312278,2.754598338543027,409.7158079831114,114.36461067538158,9.620733229046351,-2.625354654011088,478.8654010808011,2.880801172809986,09243800,1.5765590021055476,235.11914514657408,-4.331881239365998,9.54585134325447,0.3817862773252626
2001-04-08 00:00:00+00:00,4.2,A,45971.66728120801,5.065302376575385,362.6609733325044,113.33589511297046,7.080598989222969,-3.549180836913327,469.41646489831294,2.148652041793124,09243800,5.793979676608968,171.8375602098572,-5.43618777420312,5.868200304561469,0.2832272297090774
2001-04-09 00:00:00+00:00,2.9,A,46131.81686898258,0.0,585.500913765166,113.33163436744012,8.016583876394602,-6.583993088192264,320.7196112730582,2.3827136268599225,09243800,0.8443858772595599,230.86726125182943,-5.717640016127234,7.089662499473491,0.3217180849938664
2001-04-10 00:00:00+00:00,2.2,A,46291.4510314628,3.908520962464643,406.5495555369629,112.8817814596493,7.854414597100061,-4.9311879754529535,417.19464546018105,2.4517848780646503,09243800,4.081412790539547,254.96033450158137,-6.397164694772755,7.283743760227878,0.2951855913887675
2001-04-11 00:00:00+00:00,2.1,A,46450.53811923736,8.292395032296604,338.9494318256594,112.48268330955344,5.478237055661916,-4.261297311424252,446.0672734213767,1.73456124741588,09243800,5.729473631222027,206.5420956667494,-9.10046196349515,4.403155616703486,0.1696582266533225
2001-04-12 00:00:00+00:00,1.9,A,46609.05449510064,0.0523682328975604,549.8147320847308,112.29896163300096,7.286977625654718,-5.681298758873726,368.3517248369475,2.214135429761406,09243800,3.2092004030689,257.0259037312356,-9.8160302622249,5.868706442575899,0.239350866381559
2001-04-13 00:00:00+00:00,1.8,A,46766.95037633085,2.8284983961743744,434.8156945468834,115.12554693549068,7.388285962050321,-6.857569404131135,363.50577828702416,2.504175553195519,09243800,1.4996019523745534,288.8956774263718,-7.807710060143961,5.917543086660373,0.2704734357036213
2001-04-14 00:00:00+00:00,1.5,A,46924.19782006107,1.824668843170692,497.7824213328814,114.31523066205963,7.924245871535239,-4.066508051257219,418.2971911791455,2.774980308228154,09243800,1.0464179198137615,235.8647888465938,-5.363719592434563,8.381748551276303,0.3747358572579073
2001-04-15 00:00:00+00:00,1.4,A,47080.77589710174,0.0,666.9273515580269,114.31523066205963,14.0719303340856,-6.309078691354568,295.3393179346608,3.5853002533491174,09243800,0.3876126104662308,289.003369758939,-4.659645256879344,11.84020970743694,0.5357806485531111
2001-04-16 00:00:00+00:00,1.6,A,47236.62099708196,0.0,663.320162741253,113.4545577359676,16.440151176728882,-3.952279507241986,342.8940514444725,3.552727378309726,09243800,0.0,292.20582141409034,-3.5297685523636915,13.169209554832719,0.6506955409194397
2001-04-17 00:00:00+00:00,1.9,A,47391.71940419522,0.0,675.1550490906362,111.7750580835088,20.5492431452552,-2.000512664372168,373.92666350672897,4.069219816257906,09243800,0.0,295.91742283594624,-3.455155326509953,15.491219924179347,0.7193749700102628
2001-04-18 00:00:00+00:00,1.8,A,47546.02484255849,0.0,661.1270575559735,109.19548024312977,21.245910910175112,0.1450103106226679,438.4398518323063,5.118640724811561,09243800,0.0,285.54302865984096,2.134553308456475,19.39791850048391,1.0296485952564831
2001-04-19 00:00:00+00:00,1.5,A,47699.49083658305,0.0,512.9336767450498,104.6589296419702,17.412683722898656,4.797540163937804,723.2881376173079,5.661294334485761,09243800,0.0,293.64286996152845,3.4087525616566836,17.439927470214286,0.9753942924241228
2001-04-20 00:00:00+00:00,1.4,A,47852.09665678502,0.0,469.4032385761482,101.65378899611096,12.056548757774006,1.15610329545886,608.8170822617028,4.501624766439676,09243800,0.0395520499652535,244.78030147288425,-0.49358194816358036,13.339768116618927,0.7178651869963536
2001-04-21 00:00:00+00:00,1.2,A,48003.78470794264,7.985570528862723,390.6856040125824,100.18158822436736,9.951994131156946,-2.494716798811528,497.76711732142513,3.189783754027564,09243800,4.239849213768627,230.06285716474244,-2.1017481705377463,11.93982084556643,0.5027491013827924
2001-04-22 00:00:00+00:00,1.6,A,48154.53115314461,14.051372654311894,195.345573660567,98.21647160761378,3.9965100182737263,-1.3238784692126329,554.7109819803469,2.434345835821825,09243800,10.231927228304018,242.22715681074027,-3.331628683250699,7.36871250587285,0.252231386339409
2001-04-23 00:00:00+00:00,1.9,A,48304.26627900786,0.3065915252372151,540.7070933330955,97.32482428411444,9.198010171427663,-3.873383977225538,424.0584573685808,2.669726529393714,09243800,1.778028268204393,226.18188884032296,-3.847654084275746,8.496423666875899,0.3413194375939833
2001-04-24 00:00:00+00:00,1.9,A,48452.9812745042,0.0,630.2521600286467,95.5041116900446,15.40787540589652,-1.6683727305122176,440.87912853464695,3.4016299427222143,09243800,0.0,250.05962709116105,-0.6276116758108969,13.823281545507143,0.5944496972230489
2001-04-25 00:00:00+00:00,1.6,A,48600.606625956185,0.0,671.2635465876888,93.8351030690476,18.79457273186439,-2.0212531667562708,401.3066661912104,4.279139277653192,09243800,0.0,293.2737118717962,0.7353931467627604,17.28751524863287,0.7875241821788501
2001-04-26 00:00:00+00:00,1.4,A,48747.11459020248,0.0,680.039116474737,91.6806011264898,21.697235184261004,-0.8722790275670416,417.9936497590277,4.82925941880011,09243800,0.0,303.07605959127505,2.392947216663572,19.79106719694454,1.0159145993705248
2001-04-27 00:00:00+00:00,1.4,A,48892.45067944881,0.0,671.3688092536588,88.83628050551798,22.98107901621616,0.7681526067611274,467.70277598053866,5.292608245715293,09243800,0.0,298.88331163627777,2.6911315942343776,21.898489585852076,1.159331975558314
2001-04-28 00:00:00+00:00,1.3,A,49036.564312150775,0.0,586.0825322616652,85.21145000972763,18.8035341880915,2.6305630394128463,596.4284435695013,5.071006648361492,09243800,0.0,272.4641950117768,4.024573579408411,20.33527666402705,0.980078192334523
2001-04-29 00:00:00+00:00,1.4,A,49179.43065286884,0.0,562.3492627646284,81.80900578560355,17.194134712493653,2.1003630414157035,585.5341433491741,5.362720760960166,09243800,0.0,291.32774443011954,3.513338737366041,19.171698049640895,0.9563786177970351
2001-04-30 00:00:00+00:00,1.6,A,49320.97397307081,0.0,642.684223184013,79.80878381526504,18.391109363277263,-1.235327325515121,414.6136313100824,4.870300702647536,09243800,0.0,300.3178291564552,-0.9958265785973026,17.337012593002214,0.7770342268248082
2001-05-01 00:00:00+00:00,1.6,A,49461.161025700174,0.0,625.0780821398606,77.08312639065663,19.091617933663628,0.4906253872476693,469.47677357345066,6.047891679536291,09243800,0.0,293.52216733987336,3.0860319984608395,20.03934383128285,1.0142150020605714
2001-05-02 00:00:00+00:00,1.8,A,49599.94533516825,9.053718134354218,334.22016127296695,75.2209133722474,9.239727144258254,-1.5667080744685755,543.9584526979321,2.6576125378362416,09243800,9.157027421858364,173.72517604645068,-3.182761418400389,11.73174342804441,0.3891167712950318
2001-05-03 00:00:00+00:00,2.4,A,49737.26890684197,11.079982211049996,234.7340184415216,73.32560771437008,5.526423161850003,-1.4870816764828791,548.0233020948039,2.064909273109877,09243800,10.92779236441603,233.25782610534736,-6.579540634155251,6.60166026675023,0.1809118249303839
2001-05-04 00:00:00+00:00,2.5,A,49873.077053221336,5.017617443472203,391.9724508187369,71.33994392298786,11.84324255607538,-1.2733916808081425,556.7213540520175,2.7773596613774028,09243800,3.2273686991744657,261.5277291237991,-7.060423384433875,11.172661695389138,0.3126538951362506
2001-05-05 00:00:00+00:00,2.9,A,50007.33031239507,6.646392516784312,374.047309577279,68.93530555052935,11.969356373719275,-0.2755680749106449,598.2002383775432,2.86767932744072,09243800,9.53056917518092,229.75711736079853,-2.6948738459707897,11.443019560630034,0.3317567149437051
2001-05-06 00:00:00+00:00,2.5,A,50139.96618436313,0.0,578.3342127936054,66.93543057128181,14.202502991345773,-1.2383895182339697,490.1030180337734,3.96377287057642,09243800,0.0,296.8866256149178,-3.4575765197395754,12.479113641155948,0.538925228388514
2001-05-07 00:00:00+00:00,2.1,A,50270.94130096427,0.0,640.6023253911541,65.83591378213664,15.711876140601971,-3.380245087295518,393.8157521440372,4.349791555612867,09243800,0.0,308.89325576189106,-3.226335620575469,14.41795711537651,0.6800220475370448
2001-05-08 00:00:00+00:00,2.1,A,50400.19396102103,0.0,672.5982779796086,64.08512450936232,20.79160380234255,-1.8319577109435772,409.49913168994,4.999632936728775,09243800,0.0,308.4807291284793,-0.48218181476033806,19.406690508565305,0.9579624408405748
2001-05-09 00:00:00+00:00,2.1,A,50527.66867821087,0.0,642.8557442966096,61.23172277112375,21.17128980255236,0.7952007085983941,504.5628060978506,5.67280660044398,09243800,0.2579116213479584,294.8757118513536,1.5670506336184076,20.713846312696717,1.0691559787629388
2001-05-10 00:00:00+00:00,2.0,A,50653.3119632676,0.0,610.8572236007536,57.51363902334158,21.36657746210582,2.851939460161085,586.3546413051885,5.551047921656803,09243800,0.0,294.1551441176377,4.01321787971284,20.088043264078237,0.9879251051539434
2001-05-11 00:00:00+00:00,1.9,A,50777.06793045744,0.0,659.1761341860615,55.25273185910368,21.774261982022097,-0.617187662965862,436.9242013758658,5.074798596298859,09243800,0.0,316.3749096599251,0.8109341829602954,20.292272212685646,1.078638830243018
2001-05-12 00:00:00+00:00,1.8,A,50898.87878485292,0.0,665.4198975616331,52.28024822859149,24.881491928407936,1.077396766752723,476.9237526031048,5.626056415363114,09243800,0.0,313.8740589011846,2.5861315319966707,23.322101983424886,1.3616423068431236
2001-05-13 00:00:00+00:00,1.9,A,51018.7044654258,3.3592000466148635,451.1275203515111,47.91601119869978,23.9051679159593,4.392804653431536,743.2397579694211,5.499253561511969,09243800,0.2640113911201683,297.2579485900359,3.558078628150099,23.539537726779145,1.2231169520094756
2001-05-14 00:00:00+00:00,1.8,A,51136.46764599865,0.0,556.6712870825382,43.50961264861432,21.28895989102851,4.488563670694019,691.6458769769871,5.22189144045908,09243800,0.0,306.6531087207083,3.5177831846813206,21.515994260257685,0.9251778695783928
2001-05-15 00:00:00+00:00,1.7,A,51252.1099325272,0.0,565.0314309364093,39.1127245273986,21.68507944340957,4.472421908926305,682.9840140931582,5.222689029095144,09243800,0.0,242.64371934612467,3.595973241722845,21.10517605668815,0.9567872956950576
2001-05-16 00:00:00+00:00,1.5,A,51365.59146368876,2.768418774010894,330.71691866430047,33.610782184530365,19.42938383264418,7.135362332813181,1007.8937354219328,5.031639814376831,09243800,1.4047859833993346,263.36336922569404,6.754927593958598,20.27185266838046,0.9167014560776272
2001-05-17 00:00:00+00:00,1.6,A,51476.846432350336,3.380410017552612,313.54398168595213,29.44070063591642,16.053114444196066,4.82158790268856,862.1909813193253,3.8944879318324666,09243800,4.5991723627899415,243.50103371795885,3.739879425747631,18.10917831396523,0.7337480102476286
2001-05-18 00:00:00+00:00,1.7,A,51585.81955189497,1.8396465247165987,579.6145225972397,27.25904996100903,18.337681862120025,0.1727883568258958,505.4098605554361,4.411023104660555,09243800,1.3329836490372626,257.1027196431186,1.855438429860044,19.469692019380318,0.7779892950067825
2001-05-19 00:00:00+00:00,1.8,A,51692.4411089396,3.813609380526744,353.4712298711902,23.9370301941717,16.87572792376678,3.653533155229425,791.4986831908725,4.14525497000946,09243800,3.88297012930734,284.41285153877493,2.1177920974228073,18.381260834715363,0.6312051116864776
2001-05-20 00:00:00+00:00,1.7,A,51796.67184127856,0.0,613.5275051414601,22.71027277157544,18.30890444347162,-1.9767939368744645,427.9238528672021,4.8917474376952175,09243800,1.239597025738991,292.24084954469987,-0.05155526954388279,17.074118394211837,0.7133902051982979
2001-05-21 00:00:00+00:00,1.6,A,51898.44514295627,0.0,591.9060632735781,22.71027277157544,11.436786795959131,-7.093478969473164,313.682711668903,3.736406104902998,09243800,0.0,315.166464077398,-7.7145983739656,10.751328709432812,0.4901693028787645
2001-05-22 00:00:00+00:00,1.5,A,51997.69520683957,0.0,633.2396918731271,21.720857512641587,19.6845057417372,-3.012714962359897,378.00863878710135,5.147555612400569,09243800,0.0,313.75941708192016,-1.7825889197401352,17.52251907852383,0.8022608122569178
2001-05-23 00:00:00+00:00,1.5,A,52094.38567844466,0.0,617.6944700620435,19.69823803395585,22.63566662123961,0.3871449833950841,467.3845387490313,5.837877042282123,09243800,0.4821747332172623,321.8356283348336,1.1698052651077546,20.315134879651566,0.9880516977268604
2001-05-24 00:00:00+00:00,1.5,A,52188.447643211046,0.0,596.0163277927035,17.341122744117815,22.41223315653837,1.6610685260362978,523.1005624774134,5.547330266053176,09243800,0.0,321.3413824217515,2.306492953153281,20.649569177678416,1.0037181046300423
2001-05-25 00:00:00+00:00,1.4,A,52279.82892194917,0.0,607.0993142922223,15.125891686709313,24.008577904251396,1.8175871555973624,512.7502896293942,5.77898197166455,09243800,0.4674691979111797,313.46941026356524,3.9798137416982513,22.866994382880705,1.231522041379897
2001-05-26 00:00:00+00:00,1.4,A,52368.46821289295,0.0,568.6072490410942,12.514223779404418,23.468119472401018,3.8386202027520864,610.3646822396947,5.809089515378047,09243800,0.0400267088244231,313.38024234060794,5.91085412063029,23.16557279146025,1.2462608753698574
2001-05-27 00:00:00+00:00,1.4,A,52454.318241631074,0.0,525.3079273951466,10.04455512732697,23.155680612662227,5.584236760167134,720.7710325725814,5.908411350652687,09243800,0.5418970339928573,311.2334933336805,5.577134952403014,22.7166341474898,1.1508397429435653
2001-05-28 00:00:00+00:00,1.4,A,52537.32742809097,1.035197356105576,530.8791815624332,8.106587161006333,23.18460220888325,5.14796650355385,693.6976600132147,5.649306425779137,09243800,0.0,299.34217026236206,4.141635891119279,24.51112352966362,1.288753447790369
2001-05-29 00:00:00+00:00,1.4,A,52617.43857646216,0.0,527.2029558880356,6.716839000321844,20.817494048036757,2.821627262267416,599.8868899475978,5.489064349057959,09243800,2.2420184622747823,310.2177489588436,3.949687710356841,20.35068811207401,0.9596987672554804
2001-05-30 00:00:00+00:00,1.4,A,52694.59580101072,0.0,540.7446791692905,5.666220823069976,21.25665335764753,2.359669096789698,561.5316626451937,5.147578353825979,09243800,0.040917714284108,324.46453366061235,0.6875038008847696,19.742615546814648,0.8399808245678301
2001-05-31 00:00:00+00:00,1.2,A,52768.75362467624,0.0,554.21724962876,4.759701688148653,21.52310689147052,1.7119917481941858,526.541327419192,5.6450998866266096,09243800,0.0,325.3243929829461,1.7534397117120193,21.17681727180843,1.014685911135361
2001-06-01 00:00:00+00:00,1.0,A,52839.871187607874,0.0,573.050761898246,3.817974624946919,24.64748012898928,2.61257731108967,535.2555306644886,6.250990896782303,09243800,0.0,313.298200402143,2.902320917066561,23.372312885402323,1.2470076709382711
2001-06-02 00:00:00+00:00,0.91,A,52907.89049517258,0.0,548.2227236079193,2.7699765216920595,25.97933186986658,4.984709110152983,642.3357992451696,7.471632127627272,09243800,0.3054763511779368,307.45787081043045,5.863945665857216,25.81550366622082,1.5822452046651558
2001-06-03 00:00:00+00:00,0.9,A,52972.76917773724,0.0,473.74051977458254,2.1133691543732582,22.65558919942748,6.094334074292704,770.5807958083963,6.227535814110337,09243800,0.0,307.5774229494527,5.211794249318302,21.757615933809404,1.181638594450979
2001-06-04 00:00:00+00:00,0.91,A,53034.45645405193,0.0,422.97034895073017,1.823271787925267,14.50748074510378,0.6311126584996933,587.966769938857,4.151910648083155,09243800,0.0,245.80860301252372,-0.4716339005701684,16.734896437835005,0.7560926106608649
2001-06-05 00:00:00+00:00,0.97,A,53092.92458095533,0.0,580.2215490316944,1.6873281996265352,20.261367620755635,-3.2830665151447773,360.6207709012171,5.1270828497486,09243800,0.0,283.6915775924699,-3.0178422954262487,18.80623229639224,0.947283012949176
2001-06-06 00:00:00+00:00,0.86,A,53148.11827183047,0.0,551.5853662793169,1.2821255462483288,24.014233013016028,2.392728899910056,540.7587428448563,6.411957449235096,09243800,0.2931849622882752,311.6471009178284,2.055049823521415,23.780936927104733,1.3196877373562963
2001-06-07 00:00:00+00:00,0.76,A,53200.007075499954,0.0,558.2185472910376,0.8744501522831314,25.53443256930866,3.042351918245445,554.7108155526302,5.923663481990624,09243800,0.0,312.43236220809723,4.280560137390239,24.83952912319461,1.391424937147937
2001-06-08 00:00:00+00:00,0.71,A,53248.54080983072,0.0,560.2170078855158,0.5733566857271584,27.681792509538067,4.522589835107058,603.4069532171478,6.097512971193266,09243800,0.2202394187164763,304.7242300807477,5.239342926561619,27.34379504145909,1.678294022084552
2001-06-09 00:00:00+00:00,0.66,A,53293.70595872196,0.0,521.2971550018159,0.3557383338928586,26.831043497251773,6.585785328481446,718.2081196200306,7.180037217145276,09243800,0.0,311.3051794821969,7.503089880816333,26.81647935528099,1.6774126721647222
2001-06-10 00:00:00+00:00,0.67,A,53335.45313886321,0.0,553.9115757776857,0.1899477167556247,28.518007082868472,5.77630089608938,626.2577348763715,7.587247931189177,09243800,0.711900928189643,314.43311279548755,7.071153316152504,27.793599067176103,1.820124416305615
2001-06-11 00:00:00+00:00,0.67,A,53373.75480679882,0.0,535.7523498549789,0.0152222917729513,27.45622469747581,6.307704156116636,659.4790535282327,7.613951882773949,09243800,0.0,316.271091058993,7.402225992448621,26.5581431997216,1.755318099293656
2001-06-12 00:00:00+00:00,0.66,A,53408.57931311744,0.0,535.4825548989141,0.0,24.38924895521604,3.471595587498744,554.6691709648966,7.045895968128446,09243800,1.7496860296295855,296.87092369737724,4.685451938600806,24.10619034365982,1.4232652917091713
2001-06-13 00:00:00+00:00,0.67,A,53439.91533848043,0.0,351.8306330309045,0.0,10.411058406007465,-0.8656711867216258,541.7456266822061,4.021653740392072,09243800,2.2349730462661053,289.34730703254354,-4.578581447012198,14.866150057125367,0.5880328604041009
2001-06-14 00:00:00+00:00,0.65,A,53467.72692781517,0.0,430.5058357992888,0.0,14.872378706560443,0.4262960980161733,524.0734852684765,4.036287507183126,09243800,0.3950383501093639,247.72851833774132,-4.832776222594589,14.421463167476986,0.5877771399859673
2001-06-15 00:00:00+00:00,0.55,A,53491.99164214993,0.0,549.8243512148181,0.0,22.266031964860836,0.5755138828993858,424.3159015837186,6.124022245121456,09243800,0.8529409733705059,317.0928397864198,-0.9664783331531908,20.964402961934013,1.0712098943206447
2001-06-16 00:00:00+00:00,0.51,A,53512.70087016208,0.0,558.7789589379375,0.0,26.51224495136424,3.395787276350834,490.7577370015224,6.9298457440476815,09243800,0.0,316.6260645524127,3.63367161776182,25.495163455837144,1.5394020055017017
2001-06-17 00:00:00+00:00,0.51,A,53529.8356797186,0.0,561.7423329381916,0.0,28.23486732362892,4.563028150539898,509.95548620082633,7.591546923176039,09243800,0.0,317.9358150941241,5.885266973721002,26.799493201015196,1.7568996231507066
2001-06-18 00:00:00+00:00,0.47,A,53543.36522023071,0.0,533.7083573588578,0.0,26.584707671495632,5.121779838927178,560.7335162487287,7.406789289781462,09243800,0.0,317.1939956860041,6.914305881341932,25.752731868024853,1.698147583867922
2001-06-19 00:00:00+00:00,0.46,A,53553.3074253033,0.0,538.0000307034552,0.0,25.30811777435488,3.644430473824894,508.7385434851438,6.507912259671886,09243800,0.0,314.3949698203416,5.171221255138846,25.848586549037975,1.6189662906975029
2001-06-20 00:00:00+00:00,0.44,A,53559.64045508156,0.0,519.3188162385561,0.0,24.655753724643976,4.320042188399346,536.7502315302246,6.349391024397076,09243800,0.0,312.2740454059314,6.481113210805972,25.35240422615493,1.575684345980929
2001-06-21 00:00:00+00:00,0.43,A,53562.35920508159,0.0,539.9900575278957,0.0,26.804063644965343,4.857456710068624,529.2943160649962,6.020621760140339,09243800,0.6502521344965386,313.69205364759483,4.7205043264598885,26.118661966212073,1.499173565976981
2001-06-22 00:00:00+00:00,0.39,A,53561.46818067026,0.0,541.9823836164272,0.0,28.624768217303668,6.321818588689147,574.2184094606521,6.678981191084916,09243800,0.0,310.0130151661314,7.14823082222091,28.104633955300415,1.829270116921368
2001-06-23 00:00:00+00:00,0.41,A,53556.95606250897,0.0,532.654410596923,0.0,29.221588489140387,7.5140664501674035,628.0274663179371,7.049431315816632,09243800,0.2914338175374002,306.992736670156,7.322059686597811,29.161565848077487,1.9204371292401936
2001-06-24 00:00:00+00:00,0.36,A,53548.838275892034,0.0,468.8230361049337,0.0,27.015260777641064,9.426213126749468,793.9726842604265,6.767041407105008,09243800,0.3405184664240819,293.1488364425838,8.27936694558565,27.75290740706788,1.624522140334907
2001-06-25 00:00:00+00:00,0.35,A,53537.10620949681,0.0,479.7909835867384,0.0,26.78499948498749,8.708940178088723,726.7101385134777,6.599855902667244,09243800,0.0,304.20306466359546,7.809272646675538,27.733061347043304,1.5967325677537825
2001-06-26 00:00:00+00:00,0.37,A,53521.78429935161,0.0,492.920974465801,0.0,26.87196348204119,8.054796954286646,680.2401207262568,6.348877987795619,09243800,4.265082398161721,284.68418484932585,7.636150998327878,28.773781129879694,1.6691160339770863
2001-06-27 00:00:00+00:00,0.38,A,53502.883265678174,1.9521783343734025,443.0033072457484,0.0,24.58835266614198,7.147482596120181,690.0930151719616,6.045208146079534,09243800,0.0,303.48887727308824,5.785688837394844,25.192739383506648,1.2245725637918716
2001-06-28 00:00:00+00:00,0.37,A,53480.4082129604,0.0,536.7314746548049,0.0,28.813083953568345,7.014820840191674,554.7657443948468,5.9318108042589,09243800,0.4344069263476312,299.8986926134657,7.198131575904313,28.615880800029913,1.6530583258142997
2001-06-29 00:00:00+00:00,0.33,A,53454.38568612563,0.0,535.8378288170611,0.0,30.33745810984535,8.380147192782443,591.9944052004445,6.11389947775454,09243800,0.0,308.0730593928133,9.420516844273209,30.34031946224917,2.052722349144019
2001-06-30 00:00:00+00:00,0.32,A,53424.8232979683,0.0,527.9372141847539,0.0,31.07850938229576,9.55558772565283,646.1256269839424,6.676936401758459,09243800,0.0,311.31962438386336,9.782508716440987,29.49157876572292,2.041723277495185
2001-07-01 00:00:00+00:00,0.33,A,53391.7568038553,0.0,516.6886083306432,0.0,30.676185859741278,9.963006077724742,680.4771415977918,6.872441702503494,09243800,0.0,301.0047146326944,10.67763509780849,30.003391867527,2.1071009524364954
2001-07-02 00:00:00+00:00,0.33,A,53355.20533562536,0.0,532.8762594651764,0.0,30.76557682387336,8.907008863319835,615.5356939366194,6.309092096214734,09243800,0.0,304.540831666404,10.032654491501717,29.574958882926012,1.936816297527065
2001-07-03 00:00:00+00:00,0.32,A,53315.18902364543,0.0,534.9194833123306,0.0,31.81335849468327,9.548761704380713,634.9833703743833,6.419667584795794,09243800,0.0,303.03927447976133,9.853374479576303,30.029248415751,1.9152111484648329
2001-07-04 00:00:00+00:00,0.33,A,53271.742624754166,0.0,543.4687370588254,0.0,32.972795264988825,9.699847441646702,625.8496369463458,7.276898713094106,09243800,0.7967397108420141,295.4789762303978,11.078854288054515,30.53730388637308,1.9776387562275064
2001-07-05 00:00:00+00:00,0.31,A,53224.90870829033,0.0,495.4228059844509,0.0,31.256550241995114,11.48744274602451,781.0927687129904,6.926318884562381,09243800,0.7941154459287054,287.9118656771886,11.233492639397355,30.179071418672834,1.930559592839248
2001-07-06 00:00:00+00:00,0.3,A,53174.70389778216,0.0,497.1927826599526,0.0,31.27819575589253,11.537392949515992,732.0150401121954,6.776440030755325,09243800,0.0,301.49958046251965,11.642671585489268,29.940718148488486,1.896316728565576
2001-07-07 00:00:00+00:00,0.31,A,53121.17757654007,4.834622317438506,342.8102087374241,0.0,28.685904227574124,11.05644818014575,953.1424070474172,5.840356213533588,09243800,1.440925232177408,279.2837428599754,10.41179272100186,28.544705573133854,1.5335473907800024
2001-07-08 00:00:00+00:00,0.32,A,53064.35067375361,0.7354184524783478,445.3520181941375,0.0,28.872287900354863,11.442666107696574,802.2449589837659,5.5655565416406665,09243800,5.567547034531737,287.5261750673207,9.86143575146292,29.70163127626978,1.5670552812953091
2001-07-09 00:00:00+00:00,0.32,A,53004.28118405591,0.0,490.9939354337676,0.0,29.160175640630708,10.20095958497494,677.1706486649318,5.476441159828531,09243800,1.784641532764965,263.0047410471371,12.340199453660716,28.020052917366797,1.5890060909512962
2001-07-10 00:00:00+00:00,0.29,A,52941.004463402525,0.0001539494526951691,455.50182424747146,0.0,28.186495731776915,11.303092849791453,758.5014867304632,5.856234766646062,09243800,5.27386736787292,283.94109692639563,10.67195233638563,27.490127446070062,1.4095809652814215
2001-07-11 00:00:00+00:00,0.28,A,52874.56658797087,0.0,431.2682404695816,0.0,25.67580432973257,10.279453282253122,698.8293969438524,5.7282984283404605,09243800,0.8822371095966416,294.73987107485107,8.358800707686157,25.688986139835947,1.151029141740804
2001-07-12 00:00:00+00:00,0.32,A,52805.00761878924,0.0,424.94126149091954,0.0,25.76752626361345,10.725483141004426,729.5746796384631,5.038380558085772,09243800,1.8613048978903688,264.9301807679815,9.149110979318039,26.2848376602156,1.2667367958302065
2001-07-13 00:00:00+00:00,0.33,A,52732.38164424064,0.0,481.0716251232234,0.0,26.661208947644404,8.798744357305145,542.3043717804253,5.188575755737335,09243800,1.3047400153578284,278.1343331849868,8.440829818774318,27.79782677956166,1.445977794952667
2001-07-14 00:00:00+00:00,0.28,A,52656.72071314772,0.0,385.2308444363007,0.0,22.44264604490635,9.152294790068437,705.0062451367409,5.497742011778144,09243800,2.1332817180310326,267.9799545682151,9.133394743459405,26.273451867474307,1.3400481403730926
2001-07-15 00:00:00+00:00,0.27,A,52578.09043293782,0.0,455.6745109980719,0.0,24.587841396908992,8.240388484259801,554.8587244901087,4.679955353498204,09243800,0.8720291978515948,245.76478691019827,5.87082125548983,22.17845528818924,0.8246861958640199
2001-07-16 00:00:00+00:00,0.29,A,52496.54218397797,0.0,493.8363324634107,0.0,25.92910676745508,7.605836168112359,479.946081375825,6.453592843077562,09243800,2.0706829234275324,288.2381708329986,6.8093560642328725,25.28720916081818,1.3564717883166797
2001-07-17 00:00:00+00:00,0.28,A,52412.12184273982,0.0,520.9195472234658,0.0,26.299880640700312,6.3759383415468,413.2254137022077,6.896159439580763,09243800,0.0,299.9405923036975,7.092006740630893,25.644996724722944,1.5413678136194984
2001-07-18 00:00:00+00:00,0.24,A,52324.8811890017,0.0,522.1687895090741,0.0,27.05832829099667,6.999754863896532,426.5358356294523,6.3897039568779705,09243800,0.0,296.5204719344393,7.656390577484899,26.335784282826523,1.5142968305574058
2001-07-19 00:00:00+00:00,0.22,A,52234.87100401359,0.0,527.8627673147231,0.0,28.963034102970568,8.375559930338065,451.8786794867288,6.532388660790951,09243800,0.0,290.5811061391941,7.94301491514932,27.60478803006987,1.6396935951040073
2001-07-20 00:00:00+00:00,0.18,A,52142.16100115849,0.0,516.640099809619,0.0,28.88646712368793,9.003986410783419,486.11952703219,6.410074280537229,09243800,0.0,273.74214690536485,8.687647327346042,27.766326990015898,1.6756911936818093
2001-07-21 00:00:00+00:00,0.18,A,52046.790842053415,0.0,520.7179143063241,0.0,29.638360692410657,9.60435904677174,451.2083188397642,6.514577204363542,09243800,0.0,293.11585158814245,9.248995747835522,28.540666265762013,1.7625237554232407
2001-07-22 00:00:00+00:00,0.16,A,51948.818721037016,0.0,539.8311889232771,0.0,29.59143830882485,8.245362355391084,395.6332694045369,6.6393642983814924,09243800,0.0,295.7631184188957,8.432796401490009,28.162247693729057,1.8375784304068368
2001-07-23 00:00:00+00:00,0.16,A,51848.31805803674,0.0,548.1511850304453,0.0,29.98106463568013,7.873262210736353,385.0998602101432,5.979359709067593,09243800,0.0,268.96445879463954,9.245377359197334,28.5991976806024,1.831228507125276
2001-07-24 00:00:00+00:00,0.14,A,51745.31468702039,0.0,504.7689509183904,0.0,27.940216738442118,9.038061486417494,418.951350673086,5.570565234167506,09243800,0.0,273.1848427606975,9.192161641715131,27.84462443545732,1.5980760842339548
2001-07-25 00:00:00+00:00,0.14,A,51639.89234872576,0.0,533.5574985888525,0.0,29.667931516223884,8.55238981266615,404.53916351492495,5.873616000809989,09243800,0.0,279.1706142384912,8.32755110581212,28.776724749759126,1.7498947710862056
2001-07-26 00:00:00+00:00,0.14,A,51532.10242351984,7.980025862087808,307.8878017705632,0.0,23.516844340693904,9.253562944717844,645.2579774685048,5.023580288480771,09243800,4.43741546801358,225.70796659934769,9.73515677365765,24.96195772067432,1.279533043146705
2001-07-27 00:00:00+00:00,0.15,A,51421.98867897521,0.0,524.9630508572867,0.0,27.212253812325475,6.84117400771416,361.317633316869,5.109689696623495,09243800,2.3523342945673464,268.1695277972724,6.36918361286007,25.966043610821714,1.3212198475266668
2001-07-28 00:00:00+00:00,0.12,A,51309.628241563616,0.0,550.5509464438994,0.0,29.290155760659097,6.648616376388991,352.28134357689663,6.96949039728116,09243800,0.2740379914808006,285.27094812768973,8.331120689481395,28.64367817197234,1.801337418861536
2001-07-29 00:00:00+00:00,0.09,A,51195.0640800351,0.0,529.1685313471362,0.0,30.657275013052104,9.579433136549806,437.0508599054678,7.856337820886931,09243800,0.0,287.6227078239758,9.993933049406166,29.856469925625618,2.0773349585561074
2001-07-30 00:00:00+00:00,0.09,A,51078.35949321223,1.6295745957584369,503.7887287766495,0.0,29.496773987672604,8.811516052481368,436.1585324751054,7.268571226582869,09243800,0.3092437372131311,283.7293713196907,10.580381391807748,30.069408372466683,2.0189928476469587
2001-07-31 00:00:00+00:00,0.09,A,50959.56566175631,2.3295472622215008,344.05710713808827,0.0,25.672997497676405,10.87847062386652,748.3553857988579,6.007548063453904,09243800,4.780680873110907,271.15838810531733,9.192621207110335,26.452477950156037,1.3062029420710604
2001-08-01 00:00:00+00:00,0.11,A,50838.754807360834,0.0,489.53377260985,0.0,26.993812850554026,8.931763987261965,419.8512796587944,5.93571286463636,09243800,0.0,272.48175400641526,8.239733583655493,28.618444959094234,1.6215181574384117
2001-08-02 00:00:00+00:00,0.09,A,50715.97129671536,0.0,506.7873152775426,0.0,29.146881103424136,9.893796947761537,445.59277026440935,4.980810425501155,09243800,1.378138189514478,244.5416711181624,7.555866404361836,28.089822117538347,1.4938896784084803
2001-08-03 00:00:00+00:00,0.08,A,50591.26631048119,1.8939926077733984,502.8170121961182,0.0,30.32257652246122,9.655909015122578,438.0454722100733,5.626063125075117,09243800,1.6777998507498937,257.90325025044564,9.317019015099959,29.09558366931924,1.653283192255436
2001-08-04 00:00:00+00:00,0.07,A,50464.71286917441,0.0,477.0412071432564,0.0,27.85766434602032,10.51595172833598,465.8615977776819,5.834468170984614,09243800,0.0,267.9658181289008,9.582357337959877,27.591040100812734,1.4210890227089674
2001-08-05 00:00:00+00:00,0.05,A,50336.34692786765,0.0,539.6957533693068,0.0,31.430860617287586,9.340056581375068,428.1908279952426,5.506942369210456,09243800,0.0,263.99368615196164,10.06520107013364,30.04008856865795,1.8153614143546395
2001-08-06 00:00:00+00:00,0.01,A,50206.24290501652,0.0,507.0156234471174,0.0,31.23334256602523,11.545655858173088,501.16874703679,5.798708510665469,09243800,0.4555024313199889,261.29829407550784,11.29173540474892,30.26248793393802,1.9090636784133443
2001-08-07 00:00:00+00:00,0.01,A,50074.438864592805,0.0,478.7230540030373,0.0,29.1316266667499,11.332601247294145,493.6397116826961,5.6021247484559575,09243800,0.446947105851766,252.59819989514173,9.257237984248036,28.98684147640796,1.6208361173415595
2001-08-08 00:00:00+00:00,0.02,A,49940.994798286025,4.313407004122526,340.76846949704606,0.0,28.168283854403988,11.739486888720652,513.3788053755803,4.198806652753624,09243800,6.772281438524859,184.93792699726495,10.310039006762509,25.812127795234744,1.2229991339393065
2001-08-09 00:00:00+00:00,0.03,A,49805.96048881796,1.584923026350314,441.8905006084137,0.0,27.789564470782626,10.903159060950903,480.2659036626196,3.26194167605287,09243800,8.797155430268683,183.3321065537084,8.906658081607247,21.076489145280902,0.683473390508225
2001-08-10 00:00:00+00:00,0.07,A,49669.39433023293,6.004266937346963,339.8926695035656,0.0,25.590913050295107,9.175019462539344,462.5105247356684,4.770298628697888,09243800,1.856188152409908,251.77725917665845,6.531263000439537,24.781098444393308,1.0492882100752177
2001-08-11 00:00:00+00:00,0.07,A,49531.34048951486,0.0,509.87092939620766,0.0,28.205518303943823,8.094457302063315,391.3974263613517,5.037187562170375,09243800,0.0,255.55193779592955,7.789732542434024,26.148033049058427,1.3533052268246617
2001-08-12 00:00:00+00:00,0.04,A,49391.85265563549,0.0,519.6746348481252,0.0,29.29277497733801,8.171225736046406,393.52876446613095,5.395349654875878,09243800,0.0454050045781813,263.4589011382244,8.233196224419714,27.526885933921847,1.6007609869630193
2001-08-13 00:00:00+00:00,0.04,A,49250.989422344814,4.259918456488984,372.2462278086813,0.0,26.914598418770844,9.271888612117198,459.4475385488338,4.949622229868358,09243800,3.4736891977639752,236.58279054538136,8.113860558295698,27.722459911309898,1.5260871344338214
2001-08-14 00:00:00+00:00,0.06,A,49108.78283846545,9.35370812816966,280.3488706098712,0.0,23.41314280715172,10.19859093290159,713.7425714263832,3.461503271445934,09243800,6.478337156950349,179.28899707428567,7.00271767767606,20.732078763902848,0.6703470298649467
2001-08-15 00:00:00+00:00,0.09,A,48965.29811201349,5.059343004174084,348.4671889638952,0.0,24.25796076523177,6.53665149163287,508.7337438974793,4.363214740198388,09243800,2.504797294418525,231.7432506213935,6.47160315833537,22.975449506619498,1.0201987973211035
2001-08-16 00:00:00+00:00,0.07,A,48820.56027813411,0.0,491.929690910194,0.0,25.366825893281884,6.132349558559446,354.2843191234573,5.17497070916037,09243800,0.0,247.54710956020983,6.380518165157753,24.66817645031307,1.2362882973223577
2001-08-17 00:00:00+00:00,0.06,A,48674.64586418214,0.0,508.3377120054729,0.0,26.73820939506993,6.13780682978027,343.5220161003663,5.228644206913643,09243800,0.0,256.54316588941094,7.5349434622053195,25.325339241556037,1.436440126972395
2001-08-18 00:00:00+00:00,0.03,A,48527.57890677451,0.0,534.8764610910728,0.0,29.236479140798465,5.907795295836075,333.3798156228946,5.927722963725671,09243800,0.0,252.6818102581686,6.8333330859264265,27.554191819293635,1.7178371159381638
2001-08-19 00:00:00+00:00,0.01,A,48379.40337318951,0.0,507.8979441429758,0.0,28.752447480566733,7.720181240394443,380.8684219683074,6.802061612994525,09243800,0.0,252.96447313733256,10.065847840070546,29.532008308597426,2.037940114387435
2001-08-20 00:00:00+00:00,0.0,A,48230.17605982624,2.826546911495571,259.92276341703234,0.0,22.935888497230604,10.610560183959354,832.0814958085463,5.824099648462193,09243800,0.2603663835531702,238.35783711028185,8.886893121477613,26.786369108823635,1.5211818940516983
2001-08-21 00:00:00+00:00,0.0,A,48079.94093396298,0.0,378.6771307882085,0.0,22.814897559734323,9.446552661127171,574.1993325655933,4.56586407574094,09243800,3.3212516986079605,224.23884990497143,7.074637420540512,23.546617368184116,1.0300137235944713
2001-08-22 00:00:00+00:00,0.0,A,47928.72593846666,0.0,425.9214341145933,0.0,23.23520845985201,7.777611624290655,449.84458649426585,4.156320644738955,09243800,1.2969569110245118,219.73756102581245,5.918385559910746,23.356599767520436,0.9982629038306214
2001-08-23 00:00:00+00:00,0.01,A,47776.58045664773,0.0,490.94353631284696,0.0,24.65100511846641,5.216624149538205,328.8459085591901,4.784329508852783,09243800,0.4236180203648421,239.7028973795735,4.782545520754127,23.878021841892235,1.109118075091174
2001-08-24 00:00:00+00:00,0.0,A,47623.53342990142,0.0,513.6094161916316,0.0,27.215896556042484,5.63019282962714,330.15524753173344,4.995341337019138,09243800,0.0,241.93753064656283,6.388914059932517,25.296947231841216,1.456694445551965
2001-08-25 00:00:00+00:00,0.0,A,47469.645560876845,0.0,502.9247089869153,0.0,29.3579793311407,8.174754690240077,397.258080697861,4.332628160080335,09243800,0.0,244.2348302235873,8.604247933531042,27.271127374180026,1.7350505453249772
2001-08-26 00:00:00+00:00,0.0,A,47314.94949751359,0.0,528.494155220045,0.0,30.6466966885799,6.548424085286197,349.80975261006006,5.099132272762992,09243800,0.0,246.80743731477395,7.263982462451395,28.066961613859235,1.895159716423327
2001-08-27 00:00:00+00:00,0.0,A,47159.47218415032,0.0,521.6573344183038,0.0,30.944092554472302,7.314540773185628,369.88737253397,5.327050204030749,09243800,0.0,244.2854956757907,8.850309002666052,29.43817406635054,2.0956060808465384
2001-08-28 00:00:00+00:00,0.0,A,47003.25658953706,0.0,501.7747420426733,0.0,28.986699507485863,7.299968324675614,372.7130217725757,5.567315927328775,09243800,0.8155669611744798,231.1555252806447,9.89739818024566,28.43543400667977,1.989236474997256
2001-08-29 00:00:00+00:00,0.0,A,46846.349189262495,0.0,497.87803572550905,0.0,28.435916696553655,6.937044228268412,364.6166377093864,5.3474052834371175,09243800,0.0,239.0934646553634,7.750258424817787,27.73374850239628,1.8421534667142656
2001-08-30 00:00:00+00:00,0.0,A,46688.77362053228,0.0,482.9530351816345,0.0,26.604658869426423,6.180601863528111,352.6224157314985,4.602740544956713,09243800,0.4706760180104402,231.87641255416304,6.627339927177729,25.875484204927147,1.508714716139629
2001-08-31 00:00:00+00:00,0.0,A,46530.56603812465,2.7458548870917245,286.54533060066615,0.0,21.43076986797958,6.970639777305877,648.527215986273,4.765111409754543,09243800,0.4428584052386661,216.9191055947854,5.53640768032875,25.20908134752949,1.304727063947719
2001-09-01 00:00:00+00:00,0.0,A,46371.76000064444,0.0,464.8784660963944,0.0,25.22336004216128,5.94812961708904,376.36798429843583,5.37863256216557,09243800,0.5639604441543865,238.68226693207208,4.7265188101381455,25.291484485825322,1.300348322731428
2001-09-02 00:00:00+00:00,0.0,A,46212.39206228115,0.0,479.5388390239801,0.0,26.583911122695344,5.952546153833045,361.3668712579192,5.112106889803696,09243800,0.0,241.59619223195529,6.2438589451539315,26.680596996953454,1.5566457716452555
2001-09-03 00:00:00+00:00,0.0,A,46052.50750038965,0.0,488.9274160106954,0.0,28.40908938303569,6.522088152722747,366.7974548808196,4.654401322428029,09243800,0.5021166641967365,239.58241684317463,6.775684749128004,28.187949515150876,1.7541800644228889
2001-09-04 00:00:00+00:00,0.0,A,45892.10831202638,0.0,470.205451091927,0.0,28.268511854437648,7.812092445970497,414.7107847877031,5.293106275562026,09243800,0.0,237.1635958201335,7.32380201605821,28.66598720408365,1.845991620438865
2001-09-05 00:00:00+00:00,0.0,A,45731.25169300181,0.0,428.41217838239936,0.0,25.17638638144081,7.696863010080474,474.5670413320559,5.806204141868441,09243800,0.398632817940352,223.35428830229063,7.076986152803329,27.144445043935548,1.665149676802948
2001-09-06 00:00:00+00:00,0.0,A,45569.9651867716,0.0,415.8556483047687,0.0,22.607613428565983,5.898987095268282,450.9177058855065,5.331063129364874,09243800,1.3790278183068208,225.5520143062036,3.122901717847242,23.427369393378115,1.144025253007016
2001-09-07 00:00:00+00:00,0.0,A,45408.28024304137,8.648578918247182,307.2637342303257,0.0,15.807652865054877,-0.4933888023986021,412.56410650145614,3.649563376657879,09243800,7.934528526248011,226.04357425905016,-1.5374282024411627,15.414835053790341,0.5973893716947212
2001-09-08 00:00:00+00:00,0.0,A,45246.21268651681,11.114991011730933,213.4970846894684,0.0,9.14570808696504,-1.1190849321104968,544.8651006631922,2.096442351103845,09243800,5.063247095694304,170.47262904743036,-4.119270346644555,8.965895406379843,0.2844632377429479
2001-09-09 00:00:00+00:00,0.0,A,45083.8046871253,0.0,483.88090955754245,0.0,19.386943643793227,-3.038174689436385,293.0424259597975,4.23374959582084,09243800,0.8335413582448442,236.4469903330452,-4.552080787764282,19.218937280104456,0.8979819565852739
2001-09-10 00:00:00+00:00,0.0,A,44921.07737376202,0.0,487.7410884661601,0.0,24.17322335881949,0.5566649085643173,356.36779494338384,5.365546010839294,09243800,0.0,235.09232587885415,0.7809295516172483,23.62976748229852,1.386829793365936
2001-09-11 00:00:00+00:00,0.0,A,44758.07171812051,0.0,472.3051448260545,0.0,25.99816269399129,3.494159992578977,444.1038093744354,4.717440191549236,09243800,0.0,229.09085307156832,3.5242792586549285,24.895011398510462,1.531975369515637
2001-09-12 00:00:00+00:00,0.0,A,44594.804743140296,0.0,449.6318983264884,0.0,27.014521893320197,6.15477387029589,554.2301978869182,5.196322136508011,09243800,0.2570984934112484,223.83541741944975,5.100058410774579,26.595649766363636,1.6287434427216405
2001-09-13 00:00:00+00:00,0.0,A,44431.30749911573,2.6034478164394947,252.94907265318687,0.0,20.9610590726876,7.189833110359081,899.3181147689487,4.645446088779976,09243800,3.321693111040468,204.6914973335145,7.813913244180583,25.43914829900092,1.3676420384115435
2001-09-14 00:00:00+00:00,0.0,A,44267.61103634114,0.0,401.2116386154146,0.0,23.31530962214012,5.877101854033722,635.6248945240137,4.49321155391308,09243800,2.0582920012795256,210.0973420473206,5.647032735091329,23.428591942914295,1.062915422895148
2001-09-15 00:00:00+00:00,0.0,A,44103.73468636095,0.0,404.7730137021539,0.0,21.802910773784184,4.116830886670948,568.9435250167621,4.40394837356096,09243800,0.0,218.8594530672312,4.247058984596038,21.908541946898595,0.9827337981270144
2001-09-16 00:00:00+00:00,0.0,A,43939.71731196942,0.0,415.5724376158703,0.0,22.377056269832973,3.779020202845372,544.2189526504178,4.38626702182209,09243800,2.714715482661138,193.35116751430127,2.933314479222588,22.5613455446383,1.1405435971701487
2001-09-17 00:00:00+00:00,0.0,A,43775.57944294486,8.836915259406773,222.24031675240943,0.0,17.183142835348026,5.432068027218983,873.5992154170838,2.960905906174002,09243800,9.450202034812127,163.91838488106532,3.943988020453162,17.024383685484906,0.6277912454768877
2001-09-18 00:00:00+00:00,0.07,A,43611.35113105334,0.0,352.068957989933,0.0,18.75574288183673,4.267051947179168,688.2899428979533,3.5766846364615965,09243800,0.0,214.2017870274342,1.1740437451770163,19.009838577936762,0.7098726693211528
2001-09-19 00:00:00+00:00,0.11,A,43447.05681232313,0.0,415.4788740524985,0.0,21.922035358431327,2.933854471447426,558.3386615279147,4.452348688539987,09243800,0.0010072016598571,210.74862675976573,1.583159413606836,21.7729920359846,0.9962007567580072
2001-09-20 00:00:00+00:00,0.11,A,43282.71912543164,0.0,428.99717956750777,0.0,23.85285453143253,3.164921098827748,548.3801253636522,4.694329003556469,09243800,0.0,212.747726840587,2.8698949015560515,22.946964703073434,1.2389362481312631
2001-09-21 00:00:00+00:00,0.11,A,43118.36290581834,0.0,433.8961951715138,0.0,24.83212498030064,3.1518387534705155,540.9329768122253,4.73655729035473,09243800,0.0,209.75513761112103,3.1623424010028884,23.97479937292377,1.3717393219724892
2001-09-22 00:00:00+00:00,0.09,A,42954.025218926814,0.0,399.7169586308973,0.0,24.239297862979324,5.289489225645803,666.121395989794,4.500928107478496,09243800,0.0,207.0662456579482,5.143504111683114,23.250032866115475,1.3303734245883645
2001-09-23 00:00:00+00:00,0.11,A,42789.72719365227,0.0,436.2907347947843,0.0,25.36933992669528,2.7428382346798283,524.3264390146762,4.036623004050301,09243800,0.0,207.2264758639189,3.1990504649756417,23.831923423255205,1.4132069085146413
2001-09-24 00:00:00+00:00,0.1,A,42625.49888176075,0.0,431.02954666074027,0.0,26.374880919553203,3.795922016641239,566.0851298372413,4.589322339739408,09243800,0.0,204.6519893233896,4.6924519933959346,25.237006970894186,1.611208708363727
2001-09-25 00:00:00+00:00,0.08,A,42461.35300053052,0.0,428.3076599934854,0.0,27.14562410716214,4.464658307683853,593.7133688630086,4.056233845484524,09243800,0.0,203.5652776074232,6.130528333621214,25.5384219948603,1.7017066879108684
2001-09-26 00:00:00+00:00,0.08,A,42297.33622525595,0.0,403.6971496637646,0.0,25.16766194047231,4.911192715742577,637.9584403421989,4.877338431608943,09243800,0.0,200.3782410474377,5.191581844293296,24.540467125564646,1.4962497972213804
2001-09-27 00:00:00+00:00,0.09,A,42133.467288364445,0.0,420.1399801030249,0.0,26.843403206952804,4.50165412075073,598.3008329883522,4.114210092443756,09243800,0.0,198.82362861958308,4.630999611234074,25.560289198496605,1.5788914597374055
2001-09-28 00:00:00+00:00,0.08,A,41969.76321279553,0.0,413.9858647191397,0.0,26.92858897704916,4.848366574494194,620.1408589656594,4.482565897531783,09243800,0.0,197.03676625029345,4.862407755826496,25.835671785819727,1.61284150847326
2001-09-29 00:00:00+00:00,0.06,A,41806.26536965401,0.0,381.1791055759908,0.0,25.154088514427794,6.02345979359503,718.5233919146324,3.9142572538603866,09243800,0.0,185.4896778293565,5.76435304058765,24.283371662712568,1.4982009323450705
